"member_id","monthly_rate","join_date","cancel_date","zipcode","personal_training_client","check_ins_per_week","dob","age","membership_length_in_months","age_group"
"CP1",100,"2017-12-08",,10011,FALSE,4,"1900-08-14",121,53,"75+"
"CP1000000020",100,"2002-01-16",,10014,FALSE,4,"1956-06-04",65,243,"55-74"
"CP1000000031",100,"2002-02-09",,10003,FALSE,3,"1964-12-31",57,243,"55-74"
"CP1000000034",100,"2002-01-30","2019-03-29",10011,TRUE,3,"1959-07-10",62,205,"55-74"
"CP1000000038",100,"2002-01-31","2019-01-31",10003,FALSE,3,"1954-06-09",67,204,"55-74"
"CP1000000056",100,"2002-02-19",,10011,FALSE,3,"1969-12-08",52,242,"25-54"
"CP1000000060",100,"2002-02-24",,10003,FALSE,4,"1966-12-11",55,242,"55-74"
"CP1000000085",130,"2002-01-30",,10025,FALSE,3,"1975-01-29",47,243,"25-54"
"CP1000000111",100,"2002-02-28",,11207,FALSE,2,"1974-05-05",48,242,"25-54"
"CP1000000129",130,"2002-02-28","2018-10-02",10011,FALSE,2,"1962-02-28",60,199,"55-74"
"CP1000000138",130,"2002-02-28",,10010,FALSE,5,"1963-02-18",59,242,"55-74"
"CP1000000142",130,"2002-03-02",,10012,FALSE,6,"1967-09-13",54,242,"25-54"
"CP1000000147",100,"2002-03-05",,10003,FALSE,8,,,242,""
"CP1000000167",100,"2002-03-12",,10011,FALSE,1,"1952-11-25",69,242,"55-74"
"CP1000000222",100,"2002-03-15",,10011,FALSE,2,,,242,""
"CP1000000497",130,"2002-04-07","2019-02-18",10011,FALSE,4,"1955-08-30",66,202,"55-74"
"CP1000000529",130,"2002-04-01","2018-12-16",10011,FALSE,4,"1960-12-24",61,200,"55-74"
"CP1000000679",100,"2002-04-08",,10003,FALSE,2,,,241,""
"CP1000000680",100,"2002-04-08",,10011,FALSE,1,"1982-02-02",40,241,"25-54"
"CP1000000887",130,"2002-04-20","2019-08-01",10003,FALSE,1,"1963-09-23",58,207,"55-74"
"CP1000000982",100,"2002-04-24",,,FALSE,3,"1961-03-10",61,240,"55-74"
"CP1000001082",155,"2002-09-26",,,FALSE,1,"1950-11-06",71,235,"55-74"
"CP1000001286",130,"2003-08-12","2019-06-09",10011,FALSE,1,"1982-02-02",40,189,"25-54"
"CP1000001316",130,"2003-08-16",,10003,FALSE,1,,,224,""
"CP1000001323",130,"2004-05-10","2019-03-01",10011,FALSE,2,"1970-03-23",52,177,"25-54"
"CP1000001434",130,"2002-05-11",,10011,FALSE,1,"1958-10-30",63,240,"55-74"
"CP1000001516",100,"2003-09-02",,10013,FALSE,1,"1957-09-03",64,224,"55-74"
"CP1000001675",155,"2003-09-14",,10011,FALSE,4,"1959-03-08",63,224,"55-74"
"CP1000001760",130,"2003-09-20",,10011,FALSE,2,"1973-06-07",48,223,"25-54"
"CP1000001793",100,"2002-05-28",,,FALSE,5,"1950-09-21",71,239,"55-74"
"CP1000002030",100,"2002-06-07",,,FALSE,1,,,239,""
"CP1000002040",100,"2003-10-06",,10011,FALSE,1,"1964-03-07",58,223,"55-74"
"CP1000002042",100,"2003-10-07",,11226,FALSE,2,"1957-06-04",64,223,"55-74"
"CP1000002063",100,"2004-03-05",,10011,TRUE,2,"1959-02-14",63,218,"55-74"
"CP1000002179",100,"2003-10-14",,10003,TRUE,1,,,223,""
"CP1000002184",155,"2002-06-14","2019-08-03",,FALSE,3,"1959-03-07",63,205,"55-74"
"CP1000002185",100,"2002-06-14",,10003,FALSE,2,"1958-10-18",63,239,"55-74"
"CP1000002186",155,"2003-10-15",,10003,FALSE,0,"1979-02-13",43,223,"25-54"
"CP1000002250",155,"2002-06-17",,10011,FALSE,0,"1952-04-01",70,238,"55-74"
"CP1000002325",100,"2003-10-24",,10024,FALSE,0,"1942-04-20",80,222,"75+"
"CP1000002353",100,"2002-07-26","2019-02-16",10011,FALSE,2,"1954-08-18",67,198,"55-74"
"CP1000002447",100,"2003-04-19",,10010,FALSE,0,"1969-04-07",53,228,"25-54"
"CP1000002486",130,"2003-11-07","2018-11-17",10011,FALSE,3,"1982-02-02",40,180,"25-54"
"CP1000002542",100,"2003-11-10","2019-05-01",10011,FALSE,2,"1971-03-30",51,185,"25-54"
"CP1000002664",100,"2003-11-22",,10003,FALSE,0,"1900-01-01",122,221,"75+"
"CP1000002982",130,"2002-07-30","2018-09-21",,FALSE,0,"1977-12-27",44,193,"25-54"
"CP1000003302",130,"2002-08-22","2019-01-01",10002,FALSE,1,"1900-01-01",122,196,"75+"
"CP1000003344",155,"2004-01-11","2018-08-30",10003,FALSE,2,"1900-01-01",122,175,"75+"
"CP1000003375",100,"2002-08-26",,11238,FALSE,0,"1976-06-18",45,236,"25-54"
"CP1000003465",100,"2002-09-03",,,FALSE,0,"1942-07-12",79,236,"75+"
"CP1000003530",100,"2004-01-17",,10011,FALSE,0,"1963-07-01",58,219,"55-74"
"CP1000003531",100,"2004-01-17",,10011,FALSE,0,"1970-10-07",51,219,"25-54"
"CP1000003571",155,"2004-01-19","2018-08-31",10002,FALSE,6,"1974-12-02",47,175,"25-54"
"CP1000003754",130,"2004-02-03",,10011,FALSE,0,"1976-04-13",46,219,"25-54"
"CP1000003758",100,"2004-02-03","2019-08-01",10011,FALSE,2,"1982-02-02",40,185,"25-54"
"CP1000003760",130,"2003-04-05","2019-07-01",10011,FALSE,2,"1955-12-12",66,194,"55-74"
"CP1000003800",155,"2004-02-07","2019-05-01",10011,FALSE,2,"1982-02-02",40,182,"25-54"
"CP1000003815",100,"2002-12-05",,10013,FALSE,2,"1978-07-19",43,233,"25-54"
"CP1000004030",130,"2004-02-26","2019-05-03",10003,FALSE,1,"1966-07-21",55,182,"55-74"
"CP1000004321",100,"2004-03-23",,10011,FALSE,1,"1969-03-29",53,217,"25-54"
"CP1000004454",130,"2004-09-07","2019-05-02",10011,FALSE,1,"1972-07-13",49,175,"25-54"
"CP1000004477",100,"2002-11-02","2019-08-01",10011,FALSE,2,"1964-11-06",57,200,"55-74"
"CP1000004594",130,"2004-04-15","2018-10-02",10011,FALSE,3,"1900-01-01",122,173,"75+"
"CP1000004638",130,"2004-04-18",,10011,FALSE,1,"1971-01-27",51,216,"25-54"
"CP1000004762",155,"2004-04-25",,10014,FALSE,2,"1980-02-02",42,216,"25-54"
"CP1000004816",100,"2004-04-30",,10016,FALSE,5,"1957-05-21",64,216,"55-74"
"CP1000004861",155,"2004-05-02","2019-02-28",10003,FALSE,1,"1982-02-02",40,177,"25-54"
"CP1000004921",100,"2006-06-10",,10003,FALSE,5,,,191,""
"CP1000005119",130,"2002-12-22","2019-09-01",10011,FALSE,1,"1964-04-12",58,200,"55-74"
"CP1000005184",180,"2002-12-07","2019-05-01",10003,FALSE,1,"1935-09-16",86,196,"75+"
"CP1000005192",100,"2004-05-25","2018-11-25",10011,FALSE,4,"1900-01-01",122,174,"75+"
"CP1000005193",155,"2004-05-25","2018-09-13",10011,FALSE,0,"1900-01-01",122,171,"75+"
"CP1000005420",180,"2004-06-12","2018-09-01",10006,TRUE,1,"1900-01-01",122,170,"75+"
"CP1000005436",130,"2004-06-13","2019-01-15",10003,FALSE,6,"1970-04-01",52,175,"25-54"
"CP1000005458",100,"2004-06-15","2018-09-01",10003,FALSE,0,"1945-04-25",77,170,"75+"
"CP1000005477",100,"2002-12-31",,,FALSE,1,"1969-12-17",52,232,"25-54"
"CP1000005580",180,"2004-06-23",,10011,FALSE,1,"1968-07-23",53,214,"25-54"
"CP1000005610",100,"2003-01-09",,10016,FALSE,3,"1970-03-05",52,232,"25-54"
"CP1000005648",130,"2004-06-27",,10003,TRUE,1,"1962-06-27",59,214,"55-74"
"CP1000005753",130,"2004-07-06","2018-08-23",10009,FALSE,1,"1982-02-02",40,169,"25-54"
"CP1000005853",100,"2004-07-13",,10011,FALSE,2,"1977-11-10",44,214,"25-54"
"CP1000005861",130,"2003-06-23","2019-06-01",10011,FALSE,4,"1961-03-29",61,191,"55-74"
"CP1000005897",100,"2004-12-03",,10011,FALSE,1,"1962-01-19",60,209,"55-74"
"CP1000006112",130,"2006-03-05","2019-09-01",10011,FALSE,3,"1944-08-12",77,161,"75+"
"CP1000006158",100,"2003-02-10",,10003,TRUE,4,"1967-02-12",55,231,"55-74"
"CP1000006453",100,"2004-08-30","2019-03-31",10003,FALSE,1,"1900-01-01",122,175,"75+"
"CP1000006572",180,"2003-04-12","2019-05-01",10011,FALSE,1,"1965-11-23",56,192,"55-74"
"CP1000006659",130,"2004-09-13","2018-12-13",10003,TRUE,1,"2007-05-30",14,171,"12-24"
"CP1000006752",100,"2003-04-19",,10011,FALSE,5,"1970-01-24",52,228,"25-54"
"CP1000007232",130,"2004-09-26",,10011,FALSE,2,,,211,""
"CP1000007239",100,"2004-09-26",,10003,TRUE,1,,,211,""
"CP1000007404",100,"2004-10-01",,10011,FALSE,2,,,211,""
"CP1000007444",100,"2006-07-01",,10003,FALSE,5,"2010-02-16",12,190,"12-24"
"CP1000007451",180,"2004-10-04","2019-02-20",10021,FALSE,2,"1979-05-29",42,172,"25-54"
"CP1000007645",155,"2004-10-12",,,FALSE,4,"1957-01-11",65,211,"55-74"
"CP1000007938",155,"2003-05-30",,10011,TRUE,3,"1960-04-01",62,227,"55-74"
"CP1000007983",100,"2004-10-24",,10003,TRUE,3,,,210,""
"CP1000008210",180,"2004-11-05","2019-08-01",10003,FALSE,4,"1946-10-04",75,176,"75+"
"CP1000008242",100,"2004-11-06",,10003,FALSE,4,"1987-06-05",34,210,"25-54"
"CP1000008246",100,"2004-11-28","2019-02-28",11231,FALSE,5,"1953-12-09",68,171,"55-74"
"CP1000008258",100,"2003-06-21",,10011,FALSE,1,"1949-05-22",72,226,"55-74"
"CP1000008265",100,"2003-06-26",,,FALSE,1,"1954-05-16",67,226,"55-74"
"CP1000008273",100,"2004-11-08",,10011,FALSE,5,"1968-02-09",54,210,"25-54"
"CP1000008454",180,"2004-11-18",,10011,FALSE,3,"1900-01-01",122,209,"75+"
"CP1000008601",155,"2003-07-15","2019-08-01",10036,FALSE,1,"1900-01-01",122,192,"75+"
"CP1000008705",100,"2004-12-04",,10011,FALSE,1,"1961-03-30",61,209,"55-74"
"CP1000008741",180,"2004-12-07","2018-10-01",10011,TRUE,2,"1942-11-30",79,165,"75+"
"CP1000008742",100,"2004-12-07","2019-03-21",10011,FALSE,2,"1946-12-22",75,171,"75+"
"CP1000008827",100,"2004-12-13",,10580,FALSE,4,"1970-10-10",51,209,"25-54"
"CP1000008869",130,"2004-12-15",,10011,FALSE,1,"1965-04-17",57,209,"55-74"
"CP1000008924",100,"2004-12-19",,10003,FALSE,4,"1976-05-25",45,208,"25-54"
"CP1000009127",130,"2005-01-02","2019-08-01",10011,FALSE,5,"1970-04-08",52,174,"25-54"
"CP1000009226",100,"2005-01-08",,10003,FALSE,4,,,208,""
"CP1000009227",100,"2005-01-08",,10002,TRUE,3,,,208,""
"CP1000009277",180,"2005-01-10",,10011,FALSE,2,"1982-02-02",40,208,"25-54"
"CP1000009286",180,"2005-01-11","2019-02-02",10003,TRUE,0,"1982-02-02",40,168,"25-54"
"CP1000009363",155,"2005-01-15","2019-07-19",10011,TRUE,2,"1970-11-14",51,174,"25-54"
"CP1000009482",180,"2005-01-22","2019-07-06",10011,FALSE,5,"1900-01-01",122,173,"75+"
"CP1000009922",100,"2005-02-15","2019-03-01",10025,FALSE,2,"1941-10-19",80,168,"75+"
"CP1000010048",180,"2005-02-21","2018-09-01",10011,FALSE,0,"1947-02-09",75,162,"75+"
"CP1000010192",210,"2005-02-28","2018-12-01",6906,FALSE,2,"1961-10-12",60,165,"55-74"
"CP1000010286",100,"2005-03-05",,10003,FALSE,3,,,206,""
"CP1000010357",100,"2005-03-07","2019-03-02",10011,TRUE,2,"1900-01-01",122,167,"75+"
"CP1000010558",130,"2005-03-15",,10011,FALSE,4,"1976-12-11",45,206,"25-54"
"CP1000010907",100,"2005-03-25",,10014,FALSE,3,,,205,""
"CP1000011112",100,"2005-03-31",,10011,TRUE,1,"1976-09-15",45,205,"25-54"
"CP1000011994",100,"2005-05-03",,10025,FALSE,3,"1965-02-20",57,204,"55-74"
"CP1000012130",100,"2005-05-07",,10011,FALSE,1,,,204,""
"CP1000012237",155,"2005-05-14",,10002,FALSE,4,"1969-06-06",52,204,"25-54"
"CP1000012433",130,"2005-05-24","2019-08-01",10011,FALSE,2,"1982-02-02",40,170,"25-54"
"CP1000012572",155,"2005-06-02","2018-12-01",10003,FALSE,1,"1900-01-01",122,161,"75+"
"CP1000012590",100,"2005-06-03",,10011,FALSE,1,,,203,""
"CP1000012821",100,"2005-06-16","2018-10-21",10011,FALSE,0,"1949-09-06",72,160,"55-74"
"CP1000013019",100,"2005-06-28","2019-02-23",10011,FALSE,3,"1973-01-06",49,163,"25-54"
"CP1000013069",100,"2005-07-01","2018-10-09",10003,FALSE,0,"1900-01-01",122,159,"75+"
"CP1000013801",180,"2005-08-13","2019-11-01",10011,FALSE,3,"1970-08-19",51,170,"25-54"
"CP1000013854",130,"2005-08-16",,10065,FALSE,1,"1971-05-26",50,200,"25-54"
"CP1000014116",100,"2005-08-31",,10011,TRUE,1,,,200,""
"CP1000014377",100,"2005-09-18","2018-09-01",10011,FALSE,0,"1959-10-07",62,155,"55-74"
"CP1000014689",155,"2005-09-30",,10011,FALSE,3,"1972-02-06",50,199,"25-54"
"CP1000015007",155,"2005-10-16",,10011,FALSE,0,"2001-01-01",21,198,"12-24"
"CP1000015225",100,"2005-10-26",,94510,FALSE,0,,,198,""
"CP1000015530",180,"2005-11-14",,12498,TRUE,1,"1934-01-26",88,198,"75+"
"CP1000015858",210,"2005-12-06","2019-06-18",10011,FALSE,1,"1982-02-22",40,162,"25-54"
"CP1000015980",130,"2005-12-15","2019-02-01",,TRUE,1,"2000-01-01",22,157,"12-24"
"CP1000016402",100,"2006-01-07",,10011,FALSE,0,"1967-09-21",54,196,"25-54"
"CP1000016556",130,"2006-03-23","2019-04-01",10011,FALSE,1,"1970-10-12",51,156,"25-54"
"CP1000016855",130,"2006-01-30",,10011,FALSE,0,"1962-10-27",59,195,"55-74"
"CP1000017168",155,"2006-02-16","2018-10-01",10003,FALSE,0,"1949-12-03",72,151,"55-74"
"CP1000017392",100,"2006-03-04",,10011,FALSE,0,"1973-09-20",48,194,"25-54"
"CP1000017572",155,"2006-03-14",,10011,FALSE,0,"1958-07-25",63,194,"55-74"
"CP1000017623",100,"2006-03-17","2018-09-02",10011,FALSE,0,"1900-01-01",122,149,"75+"
"CP1000017826",130,"2006-04-02",,10011,FALSE,0,,,193,""
"CP1000017893",100,"2006-04-08",,10011,FALSE,0,"1965-10-27",56,193,"55-74"
"CP1000017894",180,"2006-04-08",,10011,FALSE,0,"1900-01-01",122,193,"75+"
"CP1000019107",100,"2006-06-23","2019-02-02",10011,FALSE,0,"1966-11-09",55,151,"55-74"
"CP1000019375",155,"2006-07-10",,10003,FALSE,5,"1900-01-01",122,190,"75+"
"CP1000019991",130,"2006-08-18","2019-03-01",10014,FALSE,2,"1967-07-06",54,150,"25-54"
"CP1000020027",100,"2006-08-20",,10011,FALSE,11,"1970-11-11",51,188,"25-54"
"CP1000020085",155,"2006-08-24",,10014,FALSE,1,"1900-01-01",122,188,"75+"
"CP1000020224",130,"2006-09-05","2019-03-02",10012,FALSE,1,"1980-09-09",41,149,"25-54"
"CP1000020598",100,"2006-10-01","2019-04-15",11217,FALSE,1,"1964-06-11",57,150,"55-74"
"CP1000020794",155,"2006-10-12","2019-08-14",10011,FALSE,2,"1966-08-21",55,154,"55-74"
"CP1000020851",100,"2006-10-19","2019-05-12",,FALSE,4,"1900-01-01",122,150,"75+"
"CP1000020926",100,"2006-10-24",,90211,FALSE,2,,,186,""
"CP1000021085",100,"2006-11-04",,,FALSE,9,,,186,""
"CP1000021267",100,"2007-01-07",,10003,TRUE,2,"1956-04-05",66,184,"55-74"
"CP1000021322",210,"2007-03-19","2019-07-25",10003,FALSE,5,"2015-02-11",7,148,"0-11"
"CP1000022096",180,"2007-02-19",,10003,FALSE,4,"1966-04-20",56,182,"55-74"
"CP1000022171",100,"2007-01-19","2019-07-25",10011,FALSE,1,"1980-07-04",41,150,"25-54"
"CP1000022195",130,"2007-01-22","2019-06-22",10003,FALSE,1,"1969-10-02",52,149,"25-54"
"CP1000022401",100,"2007-02-07",,8840,TRUE,5,"1875-09-09",146,183,"75+"
"CP1000022603",130,"2007-02-19",,10011,FALSE,7,"1982-02-02",40,182,"25-54"
"CP1000022762",130,"2007-05-07","2019-05-16",10011,FALSE,2,"1972-01-24",50,144,"25-54"
"CP1000022810",130,"2007-03-04",,10003,FALSE,4,"1900-01-01",122,182,"75+"
"CP1000023100",130,"2007-03-28","2018-10-02",,FALSE,4,"1800-01-01",222,138,"75+"
"CP1000023354",180,"2007-05-07","2018-09-01",90402,FALSE,0,"1900-01-01",122,135,"75+"
"CP1000023407",130,"2007-04-14","2019-09-03",10014,FALSE,4,"1900-01-01",122,148,"75+"
"CP1000023548",100,"2007-04-23",,11221,FALSE,1,"1966-12-09",55,180,"55-74"
"CP1000023769",100,"2007-05-10","2018-12-19",10001,FALSE,2,"1980-06-11",41,139,"25-54"
"CP1000023814",130,"2007-05-12",,10003,FALSE,1,"1967-03-27",55,180,"55-74"
"CP1000023986",100,"2007-05-26",,10011,FALSE,2,"1955-08-15",66,179,"55-74"
"CP1000023990",155,"2007-05-27",,10012,FALSE,3,,,179,""
"CP1000024031",100,"2007-05-30",,11231,FALSE,3,,,179,""
"CP1000024104",155,"2007-06-07",,10011,FALSE,4,"1960-08-18",61,179,"55-74"
"CP1000024241",100,"2007-06-14",,10011,FALSE,3,"1976-09-07",45,179,"25-54"
"CP1000024631",100,"2007-07-20","2019-09-03",10011,FALSE,3,"1963-09-06",58,145,"55-74"
"CP1000024877",155,"2007-08-06",,10011,FALSE,1,"1962-02-06",60,177,"55-74"
"CP1000025169",100,"2007-08-28",,10003,FALSE,2,"1985-09-25",36,176,"25-54"
"CP1000025191",180,"2007-08-29","2018-09-01",10004,FALSE,0,"1972-04-20",50,132,"25-54"
"CP1000025217",100,"2007-08-30",,10011,FALSE,3,"1965-09-02",56,176,"55-74"
"CP1000025227",100,"2007-08-30",,10011,FALSE,3,,,176,""
"CP1000025466",180,"2007-09-17",,10003,TRUE,1,"1968-01-14",54,175,"25-54"
"CP1000025703",100,"2007-10-11",,10011,FALSE,1,"1900-01-01",122,175,"75+"
"CP1000025708",180,"2007-10-12","2019-02-28",10014,FALSE,3,"1969-02-13",53,136,"25-54"
"CP1000025729",100,"2007-10-15",,10003,FALSE,1,"1962-04-02",60,175,"55-74"
"CP1000025737",100,"2007-10-16",,10011,FALSE,1,"1944-12-07",77,174,"75+"
"CP1000025739",100,"2007-10-16","2019-03-01",10011,TRUE,1,"1945-02-04",77,136,"75+"
"CP1000025779",155,"2007-10-22","2018-10-01",7480,FALSE,4,"1960-12-26",61,131,"55-74"
"CP1000025856",180,"2007-10-28","2019-04-03",10011,FALSE,2,"1938-08-30",83,137,"75+"
"CP1000025857",180,"2007-10-28","2019-04-03",10011,FALSE,2,"1939-05-29",82,137,"75+"
"CP1000025886",210,"2007-10-31",,10003,FALSE,3,"1986-06-07",35,174,"25-54"
"CP1000025901",100,"2007-11-02",,10011,FALSE,11,"1979-03-14",43,174,"25-54"
"CP1000025905",100,"2007-11-02","2019-02-15",10003,FALSE,4,"1982-02-02",40,135,"25-54"
"CP1000025927",100,"2007-11-04",,10003,FALSE,6,"1961-08-31",60,174,"55-74"
"CP1000026451",100,"2007-12-28","2018-12-01",10010,FALSE,3,"1987-08-17",34,131,"25-54"
"CP1000026516",130,"2008-01-03","2019-09-01",10014,FALSE,2,"1952-11-30",69,139,"55-74"
"CP1000026686",210,"2008-01-24",,10011,FALSE,2,"1962-07-26",59,171,"55-74"
"CP1000026693",100,"2008-01-26","2019-09-13",10011,FALSE,3,"1966-10-14",55,139,"55-74"
"CP1000026756",100,"2008-02-06","2018-12-01",10010,FALSE,2,"1968-04-15",54,129,"25-54"
"CP1000026794",130,"2008-02-13",,10011,TRUE,9,"1962-08-08",59,171,"55-74"
"CP1000027169",130,"2008-04-09","2019-05-01",10011,FALSE,2,"1963-12-26",58,132,"55-74"
"CP1000027269",210,"2008-04-29",,10003,FALSE,3,"1941-05-26",80,168,"75+"
"CP1000027303",130,"2008-05-05",,10006,FALSE,4,"1979-06-14",42,168,"25-54"
"CP1000027426",100,"2008-05-19",,10011,FALSE,5,"1965-06-26",56,167,"55-74"
"CP1000027429",130,"2008-05-19","2019-06-04",10011,FALSE,1,"1958-07-28",63,132,"55-74"
"CP1000027434",100,"2008-05-19",,10011,TRUE,4,"1971-05-30",50,167,"25-54"
"CP1000027522",155,"2008-05-23",,10011,FALSE,1,"1960-06-17",61,167,"55-74"
"CP1000027608",130,"2008-05-30","2018-10-14",11211,FALSE,0,"1977-06-20",44,124,"25-54"
"CP1000027618",100,"2008-05-31",,11211,FALSE,3,"1970-08-07",51,167,"25-54"
"CP1000027634",100,"2008-05-31","2018-11-02",11238,FALSE,1,"1953-03-06",69,125,"55-74"
"CP1000027703",100,"2008-06-05",,10011,FALSE,1,"1960-03-20",62,167,"55-74"
"CP1000027904",155,"2008-06-24",,10011,TRUE,1,"1980-07-09",41,166,"25-54"
"CP1000028096",130,"2008-07-18","2019-01-01",10003,FALSE,1,"1957-11-20",64,125,"55-74"
"CP1000028145",130,"2008-07-22","2019-05-31",10011,FALSE,4,"1968-11-03",53,130,"25-54"
"CP1000028683",130,"2008-09-26","2019-02-02",10011,FALSE,0,"1900-01-01",122,124,"75+"
"CP1000029021",180,"2008-11-12","2018-09-01",10003,FALSE,0,"1976-12-30",45,117,"25-54"
"CP1000029434",155,"2009-01-15",,10003,TRUE,3,,,160,""
"CP1000029853",130,"2009-02-26",,10012,FALSE,4,"1983-10-18",38,158,"25-54"
"CP1000030001",130,"2009-03-16",,10011,FALSE,12,"1972-09-25",49,157,"25-54"
"CP1000030034",155,"2009-03-21",,10009,TRUE,9,"1970-09-16",51,157,"25-54"
"CP1000030105",210,"2009-03-31",,10011,TRUE,1,"1976-11-11",45,157,"25-54"
"CP1000030181",180,"2009-04-12","2019-03-01",90028,FALSE,2,"2016-02-29",6,118,"0-11"
"CP1000030215",100,"2009-04-18","2019-03-13",10011,FALSE,2,"1969-09-12",52,118,"25-54"
"CP1000030527",100,"2009-05-31",,10010,FALSE,1,"1977-12-19",44,155,"25-54"
"CP1000030982",155,"2009-07-25",,10003,FALSE,2,"1900-01-01",122,153,"75+"
"CP1000030985",155,"2009-07-25",,10011,FALSE,4,"1977-12-17",44,153,"25-54"
"CP1000031227",130,"2009-09-16",,10003,FALSE,1,,,151,""
"CP1000031265",155,"2009-09-21",,10011,FALSE,3,,,151,""
"CP1000031302",155,"2009-09-25",,,FALSE,1,,,151,""
"CP1000031308",130,"2009-09-26",,10003,FALSE,1,,,151,""
"CP1000031634",180,"2009-11-28",,10011,FALSE,2,"1946-05-20",75,149,"75+"
"CP1000031905",210,"2010-01-16","2019-09-01",10011,FALSE,2,"1994-01-17",28,115,"25-54"
"CP1000031931",155,"2010-01-22",,10009,FALSE,6,"1900-01-01",122,147,"75+"
"CP1000032044",100,"2010-02-09","2019-02-25",10003,FALSE,1,"1982-02-02",40,108,"25-54"
"CP1000032215",100,"2010-03-26",,10011,FALSE,1,"1975-04-05",47,145,"25-54"
"CP1000032320",130,"2010-04-24","2019-01-26",10011,FALSE,2,"1972-04-13",50,105,"25-54"
"CP1000032465",155,"2010-05-26",,11217,FALSE,4,"1979-12-29",42,143,"25-54"
"CP1000032470",210,"2010-05-28","2019-06-04",10010,FALSE,7,"1900-01-01",122,108,"75+"
"CP1000032489",130,"2010-06-01","2019-07-02",,FALSE,1,"1900-01-01",122,109,"75+"
"CP1000032493",130,"2010-06-02","2019-09-01",10003,TRUE,1,"1900-01-01",122,110,"75+"
"CP1000032585",130,"2010-06-20","2018-11-02",10012,FALSE,1,"1900-01-01",122,100,"75+"
"CP1000032774",180,"2010-08-06","2019-01-01",10003,FALSE,1,"1982-02-02",40,100,"25-54"
"CP1000032812",130,"2010-08-09","2018-12-02",10011,FALSE,1,"1900-01-01",122,99,"75+"
"CP1000032916",100,"2010-08-19",,10011,FALSE,1,"1958-07-07",63,140,"55-74"
"CP1000032935",210,"2010-08-21",,10010,FALSE,2,,,140,""
"CP1000032983",130,"2010-08-26","2019-06-05",10011,FALSE,4,"1900-01-01",122,105,"75+"
"CP1000033087",210,"2010-09-14","2019-06-02",10003,FALSE,2,"1963-06-18",58,104,"55-74"
"CP1000033186",210,"2010-10-02","2019-05-18",10011,FALSE,1,"1982-02-22",40,103,"25-54"
"CP1000033407",130,"2010-11-19","2019-08-01",10009,FALSE,4,"2015-02-16",7,104,"0-11"
"CP1000033432",100,"2010-11-24","2018-11-01",10011,FALSE,2,"1975-05-21",46,95,"25-54"
"CP1000033551",100,"2010-12-17","2019-09-03",10011,FALSE,3,"1900-01-01",122,104,"75+"
"CP1000033576",130,"2010-12-21","2018-09-01",10011,FALSE,0,"1958-03-17",64,92,"55-74"
"CP1000033888",100,"2011-01-31",,10011,FALSE,3,,,135,""
"CP1000034122",100,"2011-03-04","2019-08-01",10011,FALSE,1,"1900-01-01",122,100,"75+"
"CP1000034149",155,"2011-03-07",,,FALSE,2,"1975-08-02",46,134,"25-54"
"CP1000034189",155,"2011-03-11",,10011,FALSE,2,,,134,""
"CP1000034222",210,"2011-03-15","2019-07-01",11217,FALSE,1,"1979-11-08",42,99,"25-54"
"CP1000034256",210,"2011-03-19","2019-08-01",10011,TRUE,2,"1951-06-08",70,100,"55-74"
"CP1000034299",180,"2011-03-24","2019-05-03",7310,FALSE,2,"1982-02-02",40,97,"25-54"
"CP1000034327",210,"2011-03-28",,10011,FALSE,1,"1900-01-01",122,133,"75+"
"CP1000034344",155,"2011-03-31",,7740,FALSE,1,,,133,""
"CP1000034423",130,"2011-04-17","2018-10-21",10003,FALSE,0,"1825-02-02",197,90,"75+"
"CP1000034576",100,"2011-05-16","2019-09-04",10011,FALSE,2,"1900-01-01",122,99,"75+"
"CP1000034617",100,"2011-05-24",,,FALSE,5,"1965-05-01",57,131,"55-74"
"CP1000034646",155,"2011-05-29",,10003,FALSE,4,,,131,""
"CP1000034675",130,"2011-06-04",,10003,FALSE,4,,,131,""
"CP1000034695",130,"2011-06-08","2019-02-02",10003,FALSE,3,"1973-01-29",49,91,"25-54"
"CP1000034837",130,"2011-06-27","2019-02-01",10011,FALSE,3,"1900-01-01",122,91,"75+"
"CP1000035047",210,"2011-08-03","2019-08-23",10003,FALSE,5,"1900-01-01",122,96,"75+"
"CP1000035163",100,"2011-08-21",,11211,FALSE,8,"1963-10-31",58,128,"55-74"
"CP1000035346",130,"2011-09-15","2018-12-24",10009,FALSE,4,"1964-07-31",57,87,"55-74"
"CP1000035717",130,"2011-10-25","2019-04-06",10003,FALSE,4,"1982-02-02",40,89,"25-54"
"CP1000036004",210,"2011-11-30",,10011,TRUE,3,,,125,""
"CP1000036160",210,"2011-12-10",,10011,FALSE,8,,,125,""
"CP1000036165",100,"2011-12-10","2019-02-01",10011,FALSE,1,"1900-01-01",122,85,"75+"
"CP1000036301",130,"2011-12-23","2019-05-01",,FALSE,1,"1982-08-22",39,88,"25-54"
"CP1000036366",130,"2011-12-30",,10003,FALSE,4,"1975-02-01",47,124,"25-54"
"CP1000036397",100,"2011-12-31","2019-07-01",10011,FALSE,1,"1982-02-02",40,90,"25-54"
"CP1000036411",155,"2012-01-02",,10011,TRUE,5,,,124,""
"CP1000036412",155,"2012-01-02",,10011,FALSE,1,,,124,""
"CP1000036446",155,"2012-01-04",,10024,FALSE,4,,,124,""
"CP1000036481",130,"2012-01-06","2019-03-21",10003,FALSE,3,"1946-09-06",75,86,"75+"
"CP1000036507",180,"2012-01-09","2018-11-02",10014,FALSE,4,"1982-12-31",39,81,"25-54"
"CP1000036521",180,"2012-01-09","2019-02-01",10011,FALSE,1,"1900-01-01",122,84,"75+"
"CP1000036581",100,"2012-01-13","2018-12-29",10011,FALSE,2,"1966-03-15",56,83,"55-74"
"CP1000036604",130,"2012-01-15","2019-06-30",10031,FALSE,4,"1900-01-01",122,89,"75+"
"CP1000036613",100,"2012-01-16","2019-01-01",10014,FALSE,2,"1900-01-01",122,83,"75+"
"CP1000036805",130,"2012-01-28","2019-08-23",10014,TRUE,1,"1900-01-01",122,90,"75+"
"CP1000036820",100,"2012-01-29",,10011,FALSE,4,"1978-09-02",43,123,"25-54"
"CP1000036854",130,"2012-01-30","2019-08-01",10011,FALSE,2,"1946-05-30",75,90,"75+"
"CP1000036890",130,"2012-01-31","2019-02-01",10011,FALSE,1,"1900-01-01",122,84,"75+"
"CP1000036967",155,"2012-02-04",,10011,FALSE,2,,,123,""
"CP1000036974",100,"2012-02-05","2019-08-02",10011,FALSE,1,"1982-02-02",40,89,"25-54"
"CP1000037139",180,"2012-02-10",,10012,FALSE,2,"1900-01-01",122,123,"75+"
"CP1000037399",130,"2012-02-27","2019-02-01",10003,FALSE,6,"1900-01-01",122,83,"75+"
"CP1000037402",130,"2012-02-27","2019-03-31",10011,FALSE,1,"1970-05-08",52,85,"25-54"
"CP1000037433",180,"2012-02-29",,10003,FALSE,5,"1944-10-08",77,122,"75+"
"CP1000037438",130,"2012-02-29","2019-01-31",10011,FALSE,1,"1968-10-07",53,83,"25-54"
"CP1000037748",210,"2012-04-01","2019-09-01",,FALSE,3,"1940-12-28",81,89,"75+"
"CP1000038173",130,"2012-08-13","2019-09-01",10011,FALSE,4,"1900-01-01",122,84,"75+"
"CP1000038336",180,"2012-07-25","2019-06-30",10011,FALSE,1,"1975-05-05",47,83,"25-54"
"CP1000038402",180,"2012-08-28","2019-04-01",10011,FALSE,3,"1900-01-01",122,79,"75+"
"CP1000038504",155,"2012-07-25",,10003,FALSE,2,"1980-09-09",41,117,"25-54"
"CP1000038506",180,"2012-09-07",,8540,TRUE,2,"1990-11-02",31,116,"25-54"
"CP1000038591",130,"2012-09-16","2019-03-01",10011,FALSE,0,"1900-01-01",122,77,"75+"
"CP1000038686",210,"2012-09-30",,10011,FALSE,9,,,115,""
"CP1000038700",130,"2012-10-01","2019-05-01",10011,FALSE,8,"1900-01-01",122,79,"75+"
"CP1000038744",130,"2012-07-25","2018-08-28",10012,FALSE,4,"1900-01-01",122,73,"75+"
"CP1000038935",100,"2012-11-12","2019-09-21",10011,FALSE,3,"1948-07-07",73,82,"55-74"
"CP1000038968",210,"2012-11-13",,10011,FALSE,4,,,114,""
"CP1000039087",100,"2012-11-28","2018-12-03",10014,FALSE,4,"1975-07-17",46,72,"25-54"
"CP1000039106",180,"2012-12-01","2018-10-01",10011,FALSE,1,"1990-01-01",32,70,"25-54"
"CP1000039264",130,"2012-12-28","2019-06-30",10003,FALSE,1,"1961-02-05",61,78,"55-74"
"CP1000039309",130,"2012-12-31",,10011,FALSE,4,"1982-02-02",40,112,"25-54"
"CP1000039338",130,"2013-01-04","2018-09-16",10010,FALSE,0,"1900-01-01",122,68,"75+"
"CP1000039409",155,"2013-01-09","2018-09-01",10538,FALSE,0,"1970-04-09",52,67,"25-54"
"CP1000039796",100,"2013-02-06",,10010,FALSE,1,"1981-04-20",41,111,"25-54"
"CP1000039825",130,"2013-02-09",,10003,FALSE,3,"1900-01-01",122,111,"75+"
"CP1000039866",130,"2013-02-11","2018-11-30",11937,FALSE,3,"1990-01-01",32,69,"25-54"
"CP1000039965",180,"2013-02-19","2019-04-30",10011,FALSE,1,"2018-04-05",4,74,"0-11"
"CP1000040151",210,"2013-03-02",,10003,FALSE,3,,,110,""
"CP1000040503",210,"2013-04-01",,10014,FALSE,1,,,109,""
"CP1000040728",100,"2013-04-17",,10011,FALSE,4,"1900-01-01",122,108,"75+"
"CP1000040762",130,"2013-04-19","2018-09-21",10011,FALSE,0,"1966-10-02",55,65,"55-74"
"CP1000040820",130,"2013-04-24","2018-12-01",10011,FALSE,3,"1900-01-01",122,67,"75+"
"CP1000040877",155,"2013-04-29",,10011,TRUE,3,,,108,""
"CP1000040878",180,"2013-04-29",,10011,FALSE,3,,,108,""
"CP1000041539",210,"2013-06-28","2019-05-30",10011,FALSE,3,"1969-05-16",52,71,"25-54"
"CP1000041836",240,"2013-07-18","2018-09-01",10003,FALSE,0,"1900-01-01",122,61,"75+"
"CP1000042356",155,"2013-08-15",,10011,FALSE,7,,,105,""
"CP1000042369",100,"2013-08-18",,10003,FALSE,3,"1900-01-01",122,104,"75+"
"CP1000042414",100,"2013-08-21","2019-06-27",10011,TRUE,1,"1962-02-15",60,70,"55-74"
"CP1000042415",100,"2013-08-21","2019-07-30",10011,FALSE,1,"1964-02-22",58,71,"55-74"
"CP1000042418",100,"2013-08-21",,10003,FALSE,4,,,104,""
"CP1000042632",100,"2013-09-10","2019-08-24",10011,FALSE,4,"1964-04-15",58,71,"55-74"
"CP1000042688",130,"2013-09-15","2019-03-01",10003,FALSE,0,"1900-01-01",122,65,"75+"
"CP1000042715",130,"2013-09-17","2019-06-30",10003,FALSE,1,"1938-11-15",83,69,"75+"
"CP1000042792",130,"2013-09-21",,10011,FALSE,7,,,103,""
"CP1000042886",130,"2013-09-29","2018-12-02",10003,FALSE,5,"1900-01-01",122,62,"75+"
"CP1000042928",130,"2013-09-30","2019-03-01",10003,TRUE,0,"1900-01-01",122,65,"75+"
"CP1000043009",180,"2013-10-08","2019-07-27",90025,TRUE,1,"1982-02-02",40,69,"25-54"
"CP1000043382",130,"2013-11-06","2018-11-22",10011,TRUE,2,"1974-01-12",48,60,"25-54"
"CP1000043407",130,"2013-11-09",,10011,FALSE,4,,,102,""
"CP1000043487",130,"2013-11-22","2019-03-25",10011,FALSE,1,"1980-05-02",42,64,"25-54"
"CP1000043489",155,"2013-11-22",,10014,FALSE,4,"1966-06-10",55,101,"55-74"
"CP1000043527",130,"2013-11-30","2019-09-03",10011,FALSE,1,"1978-05-02",44,69,"25-54"
"CP1000043625",130,"2013-12-16",,,FALSE,4,"2000-01-01",22,100,"12-24"
"CP1000043699",130,"2013-12-23",,10011,FALSE,4,"1900-01-01",122,100,"75+"
"CP1000043841",155,"2013-12-31",,10014,TRUE,2,,,100,""
"CP1000044253",155,"2014-01-31",,11228,TRUE,4,"1973-11-01",48,99,"25-54"
"CP1000044404",130,"2014-02-13",,10003,TRUE,1,"1973-07-26",48,99,"25-54"
"CP1410045",180,"2014-03-19",,10003,TRUE,2,"1990-03-19",32,97,"25-54"
"CP1410057",130,"2014-03-28","2019-06-30",10011,FALSE,3,"1976-09-26",45,63,"25-54"
"CP1410070",180,"2014-04-01",,10014,FALSE,6,"1958-04-29",64,97,"55-74"
"CP1410081",130,"2014-04-14","2019-07-02",10003,FALSE,1,"1979-01-22",43,62,"25-54"
"CP1410097",100,"2014-04-23","2018-10-31",10003,FALSE,1,"1975-04-13",47,54,"25-54"
"CP1410099",130,"2014-04-24","2019-07-02",10011,FALSE,1,"1988-09-08",33,62,"25-54"
"CP1410123",130,"2014-05-09","2018-11-02",10011,FALSE,7,"1967-01-02",55,53,"55-74"
"CP1410130",130,"2014-05-12","2019-09-01",10003,FALSE,1,"1986-09-18",35,63,"25-54"
"CP1410132",130,"2014-05-14","2018-11-03",10009,FALSE,3,"1976-08-25",45,53,"25-54"
"CP1410140",100,"2014-05-21","2019-12-31",10011,FALSE,4,"1976-06-08",45,67,"25-54"
"CP1410151",155,"2014-05-29",,10011,FALSE,1,"1985-12-13",36,95,"25-54"
"CP1410187",130,"2014-07-06",,10014,FALSE,11,"1980-09-25",41,94,"25-54"
"CP1410215",180,"2014-07-14","2019-06-01",11215,FALSE,1,"1968-05-06",54,58,"25-54"
"CP1410222",130,"2014-07-15",,10003,FALSE,2,"1966-02-19",56,94,"55-74"
"CP1410225",130,"2014-07-18","2019-03-01",10011,FALSE,0,"1982-08-03",39,55,"25-54"
"CP1410248",130,"2014-07-31","2018-10-02",10011,FALSE,3,"1980-08-01",41,50,"25-54"
"CP1410251",100,"2014-08-01","2019-02-22",11211,FALSE,3,"1981-11-27",40,54,"25-54"
"CP1410257",130,"2014-08-04",,10010,FALSE,8,"1983-07-07",38,93,"25-54"
"CP1410258",100,"2014-08-04",,10011,FALSE,4,"1986-12-10",35,93,"25-54"
"CP1410262",155,"2014-08-15",,10011,FALSE,2,"1989-08-28",32,93,"25-54"
"CP1410279",100,"2014-08-27","2019-05-31",10003,FALSE,1,"1969-10-29",52,57,"25-54"
"CP1410323",100,"2014-09-23","2018-11-01",11226,FALSE,1,"1989-09-19",32,49,"25-54"
"CP1410324",155,"2014-09-24",,10003,FALSE,3,"1982-02-22",40,91,"25-54"
"CP1410335",240,"2014-10-02","2019-05-01",10009,FALSE,2,"1900-01-01",122,54,"75+"
"CP1410341",155,"2014-10-07",,10003,FALSE,4,"1984-11-07",37,91,"25-54"
"CP1410350",210,"2014-10-14",,7043,FALSE,5,"1960-01-11",62,91,"55-74"
"CP1410354",210,"2014-10-19",,7601,FALSE,2,"1983-05-16",38,90,"25-54"
"CP1410392",130,"2014-12-08",,10014,FALSE,1,"1975-07-03",46,89,"25-54"
"CP1410400",130,"2014-12-08","2019-05-01",10011,FALSE,3,"1900-01-01",122,52,"75+"
"CP1410410",100,"2014-12-01","2019-01-01",10011,FALSE,3,"1982-02-02",40,49,"25-54"
"CP1410414",180,"2014-12-07",,10003,FALSE,4,"1990-02-17",32,89,"25-54"
"CP1410415",180,"2014-12-07",,10003,FALSE,2,"1979-11-26",42,89,"25-54"
"CP1410428",130,"2015-01-01","2019-06-13",10011,FALSE,1,"1982-02-02",40,53,"25-54"
"CP1410434",130,"2015-01-01","2018-08-26",10011,TRUE,1,"1982-02-02",40,43,"25-54"
"CP1410449",240,"2015-01-12","2018-11-23",10011,FALSE,3,"1977-03-31",45,46,"25-54"
"CP1410462",180,"2015-01-13","2019-02-12",10003,TRUE,2,"1982-02-02",40,48,"25-54"
"CP1410471",130,"2015-01-14","2019-11-01",10003,FALSE,4,"1990-05-06",32,57,"25-54"
"CP1410531",180,"2015-02-09","2019-09-05",10011,TRUE,5,"1958-03-18",64,54,"55-74"
"CP1410532",180,"2015-02-09","2019-09-05",10003,FALSE,5,"1957-10-31",64,54,"55-74"
"CP1410533",155,"2015-01-27",,10003,FALSE,2,"1962-01-03",60,87,"55-74"
"CP1410552",130,"2015-02-04","2019-06-22",10003,FALSE,2,"1960-04-04",62,52,"55-74"
"CP1410565",155,"2015-03-01",,10011,FALSE,1,"1984-12-27",37,86,"25-54"
"CP1410566",155,"2015-03-01",,10011,TRUE,1,"1982-07-01",39,86,"25-54"
"CP1410579",155,"2015-03-01",,10011,FALSE,5,"1966-06-19",55,86,"55-74"
"CP1410606",100,"2015-03-21","2019-09-01",10013,FALSE,2,"1960-03-10",62,53,"55-74"
"CP1410611",155,"2015-04-01",,10011,FALSE,1,"1984-07-22",37,85,"25-54"
"CP1410617",100,"2015-04-03","2018-11-01",10011,FALSE,4,"1987-04-03",35,42,"25-54"
"CP1410625",180,"2015-04-17",,8542,FALSE,3,"1979-10-10",42,84,"25-54"
"CP1410637",210,"2015-06-01",,10011,FALSE,1,"1983-06-10",38,83,"25-54"
"CP1410643",130,"2015-04-28","2018-09-12",10011,FALSE,0,"1985-01-16",37,40,"25-54"
"CP1410647",155,"2015-05-15",,10014,FALSE,1,"1975-05-15",47,84,"25-54"
"CP1410654",130,"2015-06-01","2018-09-21",10011,FALSE,0,"1957-10-15",64,39,"55-74"
"CP1410656",100,"2015-06-01","2018-10-28",10011,FALSE,3,"1947-09-19",74,40,"55-74"
"CP1410682",130,"2015-06-08","2018-10-20",10011,FALSE,0,"1981-06-27",40,40,"25-54"
"CP1410689",155,"2015-07-01",,10009,FALSE,4,"1987-09-09",34,82,"25-54"
"CP1410703",210,"2015-08-06",,10075,FALSE,3,"1986-02-08",36,81,"25-54"
"CP1410710",100,"2015-06-01","2018-09-02",10011,FALSE,0,"1958-06-14",63,39,"55-74"
"CP1410712",100,"2015-06-08","2018-10-01",10570,FALSE,2,"1958-06-13",63,39,"55-74"
"CP1410723",155,"2015-07-12",,10065,FALSE,2,"1964-04-02",58,82,"55-74"
"CP1410724",130,"2015-06-01","2019-02-01",10011,FALSE,2,"1991-03-21",31,44,"25-54"
"CP1410726",180,"2015-06-15",,10011,TRUE,4,"1989-06-07",32,83,"25-54"
"CP1410742",100,"2015-06-14","2018-10-01",11201,FALSE,2,"1986-11-25",35,39,"25-54"
"CP1410743",130,"2015-07-15","2019-01-02",10011,FALSE,4,"1968-10-21",53,41,"25-54"
"CP1410745",155,"2015-07-01",,11232,FALSE,3,"1984-05-13",38,82,"25-54"
"CP1410747",100,"2015-06-15","2019-01-01",10003,FALSE,2,"1962-04-05",60,42,"55-74"
"CP1410756",130,"2015-08-07","2019-02-28",10003,FALSE,1,"1961-02-20",61,42,"55-74"
"CP1410762",130,"2015-07-01","2018-10-01",10011,FALSE,3,"1990-05-23",31,39,"25-54"
"CP1410768",130,"2015-07-01","2019-08-01",10011,FALSE,1,"1957-10-12",64,49,"55-74"
"CP1410771",155,"2015-07-15",,10003,TRUE,4,"1990-09-09",31,82,"25-54"
"CP1410772",155,"2015-07-01",,10009,TRUE,2,"1991-11-15",30,82,"25-54"
"CP1410783",100,"2015-07-14","2018-11-01",10011,FALSE,1,"1959-11-28",62,39,"55-74"
"CP1410784",100,"2015-08-14","2018-11-01",10011,FALSE,1,"1958-10-28",63,38,"55-74"
"CP1410788",210,"2015-07-19","2018-11-01",11206,FALSE,1,"1986-06-07",35,39,"25-54"
"CP1410792",210,"2015-08-01",,10011,FALSE,5,"1982-04-20",40,81,"25-54"
"CP1410807",130,"2015-09-01","2019-02-01",10011,FALSE,4,"1962-11-04",59,41,"55-74"
"CP1410812",100,"2015-09-01","2019-02-02",10011,TRUE,2,"1978-09-29",43,41,"25-54"
"CP1410814",180,"2015-07-31","2018-11-01",10010,FALSE,2,"1956-12-24",65,39,"55-74"
"CP1410820",180,"2015-08-11","2018-11-01",10011,FALSE,1,"1953-07-05",68,38,"55-74"
"CP1410821",100,"2015-08-12","2018-10-15",10011,FALSE,0,"1951-07-03",70,38,"55-74"
"CP1410823",130,"2015-09-08","2019-06-05",10011,FALSE,4,"1954-12-31",67,44,"55-74"
"CP1410828",180,"2015-08-15","2019-01-31",10011,FALSE,1,"1974-10-09",47,41,"25-54"
"CP1410836",155,"2015-09-01",,11201,FALSE,1,"1969-08-05",52,80,"25-54"
"CP1410844",240,"2015-09-15","2018-11-30",10011,FALSE,3,"1945-03-09",77,38,"75+"
"CP1410856",100,"2015-09-01",,10003,FALSE,1,"1965-11-11",56,80,"55-74"
"CP1410872",130,"2015-09-08","2019-02-01",10011,FALSE,3,"1980-01-01",42,40,"25-54"
"CP1410894",130,"2015-09-28","2019-06-30",10003,FALSE,1,"1973-06-04",48,45,"25-54"
"CP1410898",155,"2015-10-01",,10011,FALSE,4,"1981-09-01",40,79,"25-54"
"CP1410911",180,"2015-10-01","2019-01-03",10011,TRUE,3,"1983-03-21",39,39,"25-54"
"CP1410913",240,"2015-10-01",,10001,FALSE,10,"1991-07-22",30,79,"25-54"
"CP1410919",210,"2015-10-05","2019-03-31",10003,FALSE,1,"1987-02-01",35,41,"25-54"
"CP1410926",100,"2015-11-15",,10002,FALSE,3,"1969-01-06",53,78,"25-54"
"CP1410927",130,"2015-10-14","2019-02-01",10011,TRUE,0,"1990-09-09",31,39,"25-54"
"CP1410934",155,"2015-10-15",,10011,FALSE,3,"1987-08-01",34,79,"25-54"
"CP1410935",155,"2015-10-15",,10011,FALSE,3,"1984-03-30",38,79,"25-54"
"CP1410962",100,"2015-12-01","2019-04-01",10011,FALSE,2,"1971-01-01",51,40,"25-54"
"CP1410967",210,"2016-01-01",,10011,TRUE,2,"1987-10-25",34,76,"25-54"
"CP1410973",100,"2015-12-01","2019-04-01",10011,FALSE,4,"1953-06-30",68,40,"55-74"
"CP1411004",130,"2015-12-22","2019-06-10",10011,FALSE,6,"1963-04-07",59,41,"55-74"
"CP1411005",210,"2015-12-23",,10011,FALSE,1,"1981-09-02",40,76,"25-54"
"CP1411008",130,"2015-12-31",,11249,FALSE,4,"1995-11-11",26,76,"25-54"
"CP1411019",210,"2015-12-30",,10011,FALSE,10,"1966-05-31",55,76,"55-74"
"CP1411036",130,"2016-02-01",,11230,FALSE,4,"1975-01-08",47,75,"25-54"
"CP1411042",130,"2016-03-01","2019-07-01",10010,FALSE,4,"1980-03-28",42,40,"25-54"
"CP1411045",240,"2016-02-01",,10011,FALSE,2,"1986-12-26",35,75,"25-54"
"CP1411055",100,"2016-02-01",,10011,FALSE,5,"1975-01-01",47,75,"25-54"
"CP1411058",130,"2016-02-01",,10011,FALSE,4,"1986-03-13",36,75,"25-54"
"CP1411084",155,"2016-02-01",,10011,FALSE,1,"1986-12-19",35,75,"25-54"
"CP1411094",130,"2016-02-02",,10013,FALSE,11,"1967-09-01",54,75,"25-54"
"CP1411103",210,"2016-02-08","2019-06-01",11228,FALSE,1,"1976-01-11",46,39,"25-54"
"CP1411106",210,"2016-02-08","2019-07-12",10011,FALSE,3,"1975-02-03",47,41,"25-54"
"CP1411111",100,"2016-02-12",,10010,TRUE,2,"1991-12-29",30,75,"25-54"
"CP1411130",180,"2016-04-01",,10011,FALSE,10,"1985-10-27",36,73,"25-54"
"CP1411140",155,"2016-03-01",,10011,FALSE,1,"1976-02-04",46,74,"25-54"
"CP1411142",155,"2016-04-01",,10003,FALSE,1,"1964-02-03",58,73,"55-74"
"CP1411143",155,"2016-05-01",,10009,FALSE,2,"1957-03-01",65,72,"55-74"
"CP1411154",130,"2016-03-01","2019-08-01",10011,FALSE,1,"1970-03-17",52,41,"25-54"
"CP1411158",155,"2016-04-01",,10011,FALSE,4,"1984-03-22",38,73,"25-54"
"CP1411161",180,"2016-04-01",,10011,FALSE,1,"1988-01-26",34,73,"25-54"
"CP1411173",180,"2016-04-01",,10011,TRUE,1,"1971-06-15",50,73,"25-54"
"CP1411174",180,"2016-03-19","2019-01-26",10014,FALSE,2,"1984-11-07",37,34,"25-54"
"CP1411180",100,"2016-03-25",,10011,FALSE,1,"1984-07-31",37,73,"25-54"
"CP1411188",130,"2016-03-31",,11377,FALSE,1,"1997-12-15",24,73,"12-24"
"CP1411189",130,"2016-03-31",,10002,TRUE,1,"1997-04-04",25,73,"25-54"
"CP1411226",130,"2016-06-01",,10011,FALSE,1,"1995-05-02",27,71,"25-54"
"CP1411231",180,"2016-06-15",,11209,TRUE,2,"1985-05-28",36,71,"25-54"
"CP1411235",155,"2016-06-01",,10031,FALSE,1,"1989-05-19",32,71,"25-54"
"CP1411237",180,"2016-05-08","2018-10-07",10011,FALSE,2,"1995-11-21",26,28,"25-54"
"CP1411242",100,"2016-06-10","2019-07-01",7302,FALSE,2,"1986-03-05",36,36,"25-54"
"CP1411251",265,"2016-07-01",,10282,FALSE,10,"2016-05-13",6,70,"0-11"
"CP1411252",155,"2016-06-01",,10001,FALSE,2,"1975-05-13",47,71,"25-54"
"CP1411255",130,"2016-05-15",,10011,TRUE,4,"1978-01-01",44,72,"25-54"
"CP1411260",180,"2016-06-01",,10010,FALSE,7,"1996-06-04",25,71,"25-54"
"CP1411263",100,"2016-07-01","2018-10-01",10011,FALSE,1,"1979-09-19",42,27,"25-54"
"CP1411264",100,"2016-07-01","2018-10-01",10011,FALSE,3,"1976-09-19",45,27,"25-54"
"CP1411268",130,"2016-05-23",,11216,TRUE,2,"1987-06-25",34,71,"25-54"
"CP1411279",130,"2017-02-07",,10003,FALSE,4,"1970-01-01",52,63,"25-54"
"CP1411283",100,"2016-05-31","2018-11-30",10014,FALSE,1,"1972-12-09",49,29,"25-54"
"CP1411289",130,"2016-06-08","2018-10-08",10018,FALSE,0,"1963-01-01",59,28,"55-74"
"CP1411290",100,"2016-06-09",,10009,FALSE,1,"1993-10-06",28,71,"25-54"
"CP1411299",130,"2016-06-15","2018-11-01",10003,FALSE,2,"1964-05-25",57,28,"55-74"
"CP1411313",155,"2016-09-01",,10011,FALSE,2,"1989-02-17",33,68,"25-54"
"CP1411317",180,"2016-07-15","2018-09-02",10011,FALSE,0,"1988-01-25",34,25,"25-54"
"CP1411324",130,"2016-07-07","2019-06-01",10011,TRUE,4,"2016-06-29",5,34,"0-11"
"CP1411326",130,"2016-06-29","2018-12-01",10011,FALSE,1,"1935-03-23",87,29,"75+"
"CP1411327",180,"2016-06-29","2018-11-01",10011,FALSE,1,"2016-01-01",6,28,"0-11"
"CP1411337",155,"2016-08-01",,10011,FALSE,2,"1957-07-24",64,69,"55-74"
"CP1411342",155,"2016-07-06",,10011,FALSE,3,"1977-10-01",44,70,"25-54"
"CP1411343",155,"2016-08-01",,10003,TRUE,3,"1993-06-20",28,69,"25-54"
"CP1411344",155,"2016-08-01",,10003,FALSE,3,"1991-04-08",31,69,"25-54"
"CP1411348",210,"2016-08-10",,33062,FALSE,4,"1984-03-04",38,69,"25-54"
"CP1411350",130,"2016-08-01","2019-04-01",10011,FALSE,1,"1971-05-31",50,32,"25-54"
"CP1411351",155,"2016-08-01",,10011,FALSE,4,"1988-06-26",33,69,"25-54"
"CP1411353",155,"2016-08-01",,10011,FALSE,3,"1984-10-17",37,69,"25-54"
"CP1411355",100,"2016-08-18","2019-10-17",10570,FALSE,2,"1960-07-18",61,37,"55-74"
"CP1411356",180,"2016-08-01",,10010,FALSE,2,"1975-07-01",46,69,"25-54"
"CP1411358",155,"2016-08-01",,10010,TRUE,5,"1975-07-13",46,69,"25-54"
"CP1411361",180,"2016-08-15","2019-05-15",7732,FALSE,2,"1975-03-31",47,33,"25-54"
"CP1411371",155,"2016-08-01",,11211,FALSE,1,"1983-04-08",39,69,"25-54"
"CP1411372",155,"2016-08-01",,11211,TRUE,1,"1986-02-27",36,69,"25-54"
"CP1411374",100,"2016-07-31","2018-10-31",10003,FALSE,2,"1987-06-01",34,27,"25-54"
"CP1411377",180,"2016-09-07","2019-01-02",10014,FALSE,4,"1964-09-18",57,27,"55-74"
"CP1411387",155,"2016-09-24",,27514,FALSE,1,"1970-07-15",51,67,"25-54"
"CP1411391",210,"2016-09-20",,10028,FALSE,3,"1986-12-19",35,67,"25-54"
"CP1411395",180,"2016-10-01","2019-01-02",90272,FALSE,7,"1952-10-01",69,27,"55-74"
"CP1411399",155,"2016-09-01",,10018,FALSE,2,"1960-05-25",61,68,"55-74"
"CP1411404",210,"2016-10-01","2019-06-01",11354,TRUE,1,"1977-09-17",44,32,"25-54"
"CP1411416",100,"2016-09-04","2018-12-01",10011,TRUE,4,"1982-08-17",39,26,"25-54"
"CP1411419",100,"2016-09-06","2018-12-08",10003,FALSE,4,"1970-10-25",51,27,"25-54"
"CP1411420",180,"2016-10-01","2018-12-01",10011,FALSE,2,"1954-12-13",67,26,"55-74"
"CP1411425",100,"2016-10-15",,10011,FALSE,8,"1989-10-17",32,67,"25-54"
"CP1411430",100,"2016-09-13","2018-10-13",10003,FALSE,0,"1997-08-29",24,25,"12-24"
"CP1411435",180,"2016-10-15",,10011,TRUE,3,"1965-09-04",56,67,"55-74"
"CP1411436",180,"2016-10-01",,11215,FALSE,2,"1986-08-19",35,67,"25-54"
"CP1411441",130,"2016-10-01",,7078,FALSE,5,"1980-04-17",42,67,"25-54"
"CP1411442",130,"2016-10-01",,10032,FALSE,5,"1980-09-01",41,67,"25-54"
"CP1411447",210,"2016-11-01",,10011,FALSE,3,"1992-04-25",30,66,"25-54"
"CP1411450",180,"2016-09-29","2019-04-01",10010,FALSE,5,"1994-05-19",27,30,"25-54"
"CP1411466",180,"2016-11-01",,12498,FALSE,3,"1943-10-03",78,66,"75+"
"CP1411477",180,"2016-10-25","2019-01-01",10011,FALSE,3,"1990-04-06",32,26,"25-54"
"CP1411484",180,"2016-12-01",,10011,FALSE,3,"1987-06-17",34,65,"25-54"
"CP1411486",155,"2016-12-01",,10009,TRUE,2,"1988-08-19",33,65,"25-54"
"CP1411489",180,"2016-11-08","2019-01-01",10012,FALSE,3,"1990-02-10",32,25,"25-54"
"CP1411491",180,"2016-11-13",,11374,FALSE,6,"1978-09-01",43,66,"25-54"
"CP1411494",180,"2017-02-14","2019-05-01",10011,FALSE,1,"1989-08-10",32,26,"25-54"
"CP1411498",100,"2016-11-28","2019-02-01",11204,FALSE,0,"1988-08-12",33,26,"25-54"
"CP1411500",100,"2016-11-17","2019-06-01",11423,FALSE,2,"1987-07-17",34,30,"25-54"
"CP1411502",100,"2016-12-01",,10011,FALSE,1,"1991-09-17",30,65,"25-54"
"CP1411510",210,"2016-12-01",,10003,FALSE,1,"1973-09-22",48,65,"25-54"
"CP1411515",155,"2016-12-01",,10012,FALSE,4,"1991-09-25",30,65,"25-54"
"CP1411517",100,"2017-01-01",,11205,FALSE,10,"1986-03-17",36,64,"25-54"
"CP1411528",155,"2017-01-01",,10011,FALSE,1,"1991-05-21",30,64,"25-54"
"CP1411529",180,"2017-01-01","2019-03-01",7030,FALSE,0,"1990-05-03",32,26,"25-54"
"CP1411531",130,"2016-12-12","2019-04-12",10011,FALSE,1,"1982-08-23",39,28,"25-54"
"CP1411533",130,"2017-01-01",,10003,FALSE,3,"1985-09-29",36,64,"25-54"
"CP1411534",100,"2017-01-01","2019-05-02",10003,TRUE,2,"1975-07-12",46,28,"25-54"
"CP1411538",100,"2017-01-01",,10011,FALSE,2,"1990-01-01",32,64,"25-54"
"CP1411542",100,"2017-02-01",,7601,FALSE,1,"1974-02-09",48,63,"25-54"
"CP1411543",130,"2017-02-01","2019-04-01",11964,FALSE,1,"1970-01-01",52,26,"25-54"
"CP1411549",130,"2017-02-01",,10011,TRUE,4,"1970-07-03",51,63,"25-54"
"CP1411555",155,"2016-12-24","2019-02-28",10010,FALSE,2,"1978-10-27",43,26,"25-54"
"CP1411562",210,"2017-02-01",,10463,FALSE,3,"1980-01-03",42,63,"25-54"
"CP1411565",180,"2017-02-01",,10011,FALSE,4,"1972-10-29",49,63,"25-54"
"CP1411566",180,"2017-02-01",,10030,FALSE,1,"1989-09-29",32,63,"25-54"
"CP1411570",180,"2016-12-28","2019-01-02",11225,TRUE,3,"1976-07-23",45,24,"25-54"
"CP1411572",130,"2016-12-28","2019-02-01",10011,FALSE,0,"1964-11-12",57,25,"55-74"
"CP1411575",210,"2016-12-29",,10003,FALSE,7,"1990-12-13",31,64,"25-54"
"CP1411579",210,"2017-02-01","2019-05-01",10011,FALSE,3,"1989-08-08",32,27,"25-54"
"CP1411582",180,"2016-12-29",,10010,FALSE,8,"1975-12-29",46,64,"25-54"
"CP1411585",210,"2016-12-30",,10001,FALSE,3,"1971-10-03",50,64,"25-54"
"CP1411594",180,"2017-02-01",,10009,TRUE,3,"1977-06-25",44,63,"25-54"
"CP1411595",180,"2016-12-31","2019-01-01",11238,FALSE,5,"1968-08-09",53,24,"25-54"
"CP1411596",100,"2017-02-01","2019-09-22",10011,FALSE,2,"1964-10-29",57,31,"55-74"
"CP1411597",130,"2016-12-31","2018-11-30",10003,FALSE,2,"1976-01-04",46,22,"25-54"
"CP1411603",130,"2017-01-01","2019-01-14",11215,FALSE,2,"2017-01-01",5,24,"0-11"
"CP1411610",100,"2017-02-01",,10011,FALSE,2,"1958-05-21",63,63,"55-74"
"CP1411620",100,"2017-02-01",,11226,TRUE,4,"1978-12-28",43,63,"25-54"
"CP1411629",210,"2017-01-06",,10014,TRUE,2,"1900-01-01",122,64,"75+"
"CP1411632",210,"2017-02-01",,11222,FALSE,2,"1981-04-05",41,63,"25-54"
"CP1411641",180,"2017-01-11",,10003,TRUE,1,"1973-10-28",48,64,"25-54"
"CP1411643",180,"2017-01-11","2018-10-01",10011,FALSE,1,"1984-01-11",38,20,"25-54"
"CP1411644",210,"2017-02-01",,10011,FALSE,2,"1985-01-05",37,63,"25-54"
"CP1411652",210,"2017-03-01","2019-08-01",10010,FALSE,1,"1990-10-01",31,29,"25-54"
"CP1411654",100,"2017-02-01",,10002,FALSE,4,"1986-07-06",35,63,"25-54"
"CP1411661",100,"2017-02-01","2019-06-30",11237,FALSE,3,"1992-10-09",29,28,"25-54"
"CP1411664",180,"2017-01-15","2018-09-01",10003,FALSE,0,"1900-01-01",122,19,"75+"
"CP1411666",180,"2017-02-01",,18042,FALSE,5,"1900-01-01",122,63,"75+"
"CP1411669",180,"2017-02-01",,10001,FALSE,1,"1900-01-01",122,63,"75+"
"CP1411670",180,"2017-02-01",,11221,FALSE,5,"1982-12-26",39,63,"25-54"
"CP1411672",100,"2017-05-01","2019-05-01",11964,FALSE,1,"1988-09-15",33,24,"25-54"
"CP1411673",180,"2017-02-01","2018-12-31",10011,FALSE,1,"1981-04-04",41,22,"25-54"
"CP1411680",180,"2017-02-01",,10010,FALSE,4,"1971-12-26",50,63,"25-54"
"CP1411695",100,"2017-01-26","2019-06-30",10003,FALSE,1,"1980-09-14",41,29,"25-54"
"CP1411700",210,"2017-02-01",,10011,FALSE,5,"1965-04-19",57,63,"55-74"
"CP1411701",100,"2017-02-01","2019-06-26",11211,TRUE,4,"1988-01-15",34,28,"25-54"
"CP1411706",180,"2017-04-01",,10010,FALSE,1,"1975-02-16",47,61,"25-54"
"CP1411709",100,"2017-02-01",,10014,FALSE,3,"2000-01-01",22,63,"12-24"
"CP1411714",180,"2017-03-01",,10011,FALSE,1,"1981-04-10",41,62,"25-54"
"CP1411718",210,"2017-02-05",,10011,FALSE,4,"1950-02-08",72,63,"55-74"
"CP1411721",100,"2017-02-06","2019-05-01",10011,FALSE,3,"1985-06-09",36,26,"25-54"
"CP1411726",180,"2017-02-06","2019-04-01",10038,FALSE,2,"1956-09-25",65,25,"55-74"
"CP1411729",130,"2017-02-07","2018-11-02",10001,FALSE,1,"1957-11-18",64,20,"55-74"
"CP1411731",100,"2017-02-11","2018-11-30",10003,FALSE,3,"1991-06-24",30,21,"25-54"
"CP1411736",100,"2017-03-01",,10011,FALSE,1,"1976-08-06",45,62,"25-54"
"CP1411743",100,"2017-03-01",,10011,FALSE,1,"1900-01-01",122,62,"75+"
"CP1411745",180,"2017-03-01",,10457,FALSE,2,"1982-05-07",40,62,"25-54"
"CP1411746",210,"2017-03-01",,10011,FALSE,6,"1983-03-21",39,62,"25-54"
"CP1411749",100,"2017-02-23","2019-04-01",10010,FALSE,5,"1975-01-03",47,25,"25-54"
"CP1411754",100,"2017-02-27",,10003,FALSE,9,"1987-08-04",34,62,"25-54"
"CP1411763",155,"2017-04-01","2019-06-01",10011,FALSE,1,"1974-07-21",47,26,"25-54"
"CP1411764",155,"2017-03-04","2019-05-01",10011,FALSE,1,"1976-05-23",45,25,"25-54"
"CP1411773",180,"2017-04-01",,11211,FALSE,3,"1990-01-22",32,61,"25-54"
"CP1411778",100,"2017-04-10","2019-11-10",10014,FALSE,1,"1970-03-25",52,31,"25-54"
"CP1411780",100,"2017-04-01",,10011,FALSE,4,"1978-02-09",44,61,"25-54"
"CP1411786",210,"2017-03-25","2019-07-01",10011,FALSE,2,"1973-11-12",48,27,"25-54"
"CP1411787",210,"2017-04-10","2019-07-01",10011,FALSE,4,"1975-04-17",47,26,"25-54"
"CP1411788",100,"2017-05-01",,10003,FALSE,5,"1985-04-23",37,60,"25-54"
"CP1411789",100,"2017-04-01",,10003,FALSE,1,"1988-03-06",34,61,"25-54"
"CP1411790",180,"2017-05-01",,10011,FALSE,4,"1963-07-02",58,60,"55-74"
"CP1411793",210,"2017-04-26","2019-06-01",10003,TRUE,1,"1983-09-02",38,25,"25-54"
"CP1411795",210,"2017-03-28",,7974,FALSE,1,"1978-12-31",43,61,"25-54"
"CP1411799",155,"2017-03-29",,10003,FALSE,1,"1980-01-18",42,61,"25-54"
"CP1411800",180,"2017-04-01",,10011,FALSE,1,"1975-04-25",47,61,"25-54"
"CP1411801",100,"2017-04-01",,11211,FALSE,2,"1991-02-15",31,61,"25-54"
"CP1411804",210,"2017-05-01","2019-07-02",10010,FALSE,2,"1988-07-23",33,26,"25-54"
"CP1411805",130,"2017-05-01","2019-06-01",10010,FALSE,1,"1986-07-10",35,25,"25-54"
"CP1411808",210,"2017-05-01","2019-08-01",10003,FALSE,5,"1950-03-07",72,27,"55-74"
"CP1411811",100,"2017-05-01",,10003,FALSE,3,"1959-02-24",63,60,"55-74"
"CP1411812",210,"2017-04-01",,10014,FALSE,2,"1971-04-16",51,61,"25-54"
"CP1411816",130,"2017-05-01","2019-07-02",10011,TRUE,2,"1900-01-01",122,26,"75+"
"CP1411818",100,"2017-04-05",,10003,TRUE,5,"1994-03-23",28,61,"25-54"
"CP1411819",180,"2017-04-18","2019-06-01",10003,FALSE,5,"1946-04-14",76,25,"75+"
"CP1411820",210,"2017-04-05",,11221,FALSE,9,"1954-05-28",67,61,"55-74"
"CP1411833",130,"2017-04-14","2019-09-01",11218,FALSE,1,"1989-06-23",32,28,"25-54"
"CP1411837",210,"2017-04-17","2019-06-16",10011,FALSE,2,"1993-01-12",29,25,"25-54"
"CP1411838",100,"2017-04-13","2018-09-01",10022,FALSE,0,"1984-01-09",38,16,"25-54"
"CP1411849",100,"2017-04-18",,10011,FALSE,2,"1985-01-30",37,60,"25-54"
"CP1411853",210,"2017-04-22",,10013,FALSE,1,"1975-02-03",47,60,"25-54"
"CP1411859",100,"2017-06-01",,10011,FALSE,5,"1991-06-27",30,59,"25-54"
"CP1411863",100,"2017-05-01","2019-08-02",10003,FALSE,3,"1900-01-01",122,27,"75+"
"CP1411868",100,"2017-06-01",,10003,TRUE,1,"1982-05-25",39,59,"25-54"
"CP1411880",130,"2017-05-11","2019-02-01",10014,FALSE,0,"1980-05-01",42,20,"25-54"
"CP1411882",155,"2017-05-11",,10026,FALSE,7,"1982-11-04",39,60,"25-54"
"CP1411883",100,"2017-06-01",,10011,FALSE,2,"1969-10-28",52,59,"25-54"
"CP1411885",130,"2017-05-13","2019-03-01",11211,FALSE,0,"1972-07-10",49,21,"25-54"
"CP1411887",155,"2017-06-01",,10011,FALSE,1,"1972-01-18",50,59,"25-54"
"CP1411888",155,"2017-06-01",,10011,FALSE,6,"1968-05-02",54,59,"25-54"
"CP1411903",180,"2017-06-20",,10016,FALSE,1,"1983-07-21",38,58,"25-54"
"CP1411904",210,"2017-05-21","2019-08-01",10011,FALSE,5,"1994-03-22",28,26,"25-54"
"CP1411905",210,"2017-06-01",,10014,TRUE,3,"1965-04-01",57,59,"55-74"
"CP1411909",130,"2017-05-22","2018-10-01",10011,FALSE,1,"1962-09-29",59,16,"55-74"
"CP1411913",210,"2017-05-29",,10014,FALSE,1,"1988-04-05",34,59,"25-54"
"CP1411928",100,"2017-06-01",,10011,FALSE,3,"1991-03-17",31,59,"25-54"
"CP1411931",100,"2017-06-01",,10003,FALSE,5,"1961-04-23",61,59,"55-74"
"CP1411932",180,"2017-06-01",,10012,FALSE,5,"1996-06-27",25,59,"25-54"
"CP1411939",130,"2017-06-05",,10011,FALSE,2,"2008-08-08",13,59,"12-24"
"CP1411941",155,"2017-07-01",,11225,TRUE,7,"1989-09-12",32,58,"25-54"
"CP1411944",265,"2017-06-08",,10003,FALSE,2,"1976-01-20",46,59,"25-54"
"CP1411945",100,"2017-06-12",,10011,TRUE,1,"1970-04-04",52,59,"25-54"
"CP1411946",100,"2017-06-12",,10011,FALSE,1,"1969-09-14",52,59,"25-54"
"CP1411947",100,"2017-06-08",,11226,FALSE,4,"1991-09-14",30,59,"25-54"
"CP1411948",100,"2017-06-09",,10010,FALSE,4,"1900-01-01",122,59,"75+"
"CP1411950",155,"2017-06-11",,10019,FALSE,4,"1989-07-07",32,59,"25-54"
"CP1411959",130,"2017-07-01",,10014,FALSE,9,"1958-04-01",64,58,"55-74"
"CP1411961",130,"2018-05-15",,10003,FALSE,1,"1999-07-26",22,48,"12-24"
"CP1411978",100,"2017-07-01","2018-09-01",10018,FALSE,0,"1966-12-14",55,14,"55-74"
"CP1411981",210,"2017-07-15",,10038,FALSE,1,"1989-05-05",33,58,"25-54"
"CP1411983",100,"2017-08-01",,10044,FALSE,3,"1998-04-15",24,57,"12-24"
"CP1411984",100,"2017-07-08","2018-09-01",10010,FALSE,0,"1987-07-30",34,13,"25-54"
"CP1411997",100,"2017-07-17",,10011,FALSE,2,"1991-02-26",31,57,"25-54"
"CP1411999",100,"2017-07-19",,7093,FALSE,2,"1987-05-27",34,57,"25-54"
"CP1412000",100,"2017-07-19",,11416,FALSE,3,"1979-09-08",42,57,"25-54"
"CP1412002",100,"2017-08-01",,10011,FALSE,1,"1995-10-18",26,57,"25-54"
"CP1412003",210,"2017-08-01",,10014,FALSE,3,"1965-09-15",56,57,"55-74"
"CP1412007",100,"2017-09-01",,10011,TRUE,4,"1900-01-01",122,56,"75+"
"CP1412009",180,"2017-09-01","2019-08-01",10011,FALSE,2,"1985-04-17",37,23,"25-54"
"CP1412010",180,"2017-08-01",,10011,FALSE,5,"1984-06-13",37,57,"25-54"
"CP1412013",155,"2017-09-01",,10016,FALSE,2,"1967-03-29",55,56,"55-74"
"CP1412015",155,"2017-08-04",,10003,FALSE,1,"1900-01-01",122,57,"75+"
"CP1412019",155,"2017-08-09","2018-09-01",10003,FALSE,0,"1900-01-01",122,12,"75+"
"CP1412023",130,"2017-08-11","2019-08-01",10011,FALSE,2,"1989-01-01",33,23,"25-54"
"CP1412024",155,"2017-08-14","2018-10-01",10011,FALSE,4,"1999-01-01",23,13,"12-24"
"CP1412026",100,"2017-10-01","2018-11-01",10003,FALSE,2,"1980-01-01",42,13,"25-54"
"CP1412027",100,"2017-08-21",,10011,FALSE,7,"1991-01-27",31,56,"25-54"
"CP1412028",100,"2017-08-21",,11226,FALSE,1,"1993-03-08",29,56,"25-54"
"CP1412029",180,"2017-08-22","2018-12-01",10003,TRUE,2,"1975-03-16",47,15,"25-54"
"CP1412031",180,"2017-08-21","2018-09-21",11238,TRUE,2,"1958-06-28",63,13,"55-74"
"CP1412033",100,"2017-09-01","2019-01-13",46032,FALSE,3,"1997-02-11",25,16,"25-54"
"CP1412039",100,"2017-09-01","2019-01-29",10003,FALSE,4,"1992-07-16",29,16,"25-54"
"CP1412042",130,"2017-08-31","2018-09-01",11206,FALSE,0,"1979-12-29",42,12,"25-54"
"CP1412043",100,"2017-09-01",,11570,FALSE,1,"1971-08-01",50,56,"25-54"
"CP1412044",100,"2017-09-01",,10011,FALSE,12,"1991-01-31",31,56,"25-54"
"CP1412045",155,"2017-09-01",,11237,FALSE,2,"1988-08-04",33,56,"25-54"
"CP1412048",155,"2017-09-05",,10003,FALSE,4,"1900-01-01",122,56,"75+"
"CP1412052",240,"2017-09-01",,10011,FALSE,2,"1998-02-17",24,56,"12-24"
"CP1412053",100,"2017-09-01",,10011,FALSE,3,"2017-09-05",4,56,"0-11"
"CP1412055",155,"2017-09-06",,10025,FALSE,1,"1967-11-09",54,56,"25-54"
"CP1412056",100,"2017-09-09","2018-10-01",10011,FALSE,3,"1986-12-16",35,12,"25-54"
"CP1412059",180,"2017-09-09","2018-10-01",11103,FALSE,2,"1900-01-01",122,12,"75+"
"CP1412063",180,"2017-09-15",,10003,FALSE,4,"1990-12-30",31,56,"25-54"
"CP1412065",180,"2017-09-15",,10011,FALSE,3,"1999-01-01",23,56,"12-24"
"CP1412068",100,"2017-09-15","2018-11-15",10003,FALSE,1,"1974-04-04",48,14,"25-54"
"CP1412069",130,"2017-09-15","2018-10-15",10032,FALSE,0,"1969-07-14",52,13,"25-54"
"CP1412070",155,"2017-09-17",,10010,FALSE,4,"1969-08-15",52,55,"25-54"
"CP1412071",130,"2017-10-01","2018-11-01",10011,FALSE,2,"1962-09-23",59,13,"55-74"
"CP1412076",210,"2017-09-23",,10011,FALSE,4,"1986-02-08",36,55,"25-54"
"CP1412079",130,"2017-09-25",,11579,TRUE,8,"1977-09-28",44,55,"25-54"
"CP1412081",155,"2017-10-02",,10011,FALSE,4,"1989-02-09",33,55,"25-54"
"CP1412082",180,"2017-10-15",,10011,FALSE,4,"2017-09-27",4,55,"0-11"
"CP1412087",130,"2017-10-03","2018-11-03",10032,TRUE,1,"1963-01-06",59,13,"55-74"
"CP1412089",180,"2017-10-15",,10011,TRUE,1,"1986-10-21",35,55,"25-54"
"CP1412090",130,"2017-10-06","2018-10-04",10009,FALSE,6,"1980-05-05",42,11,"25-54"
"CP1412091",130,"2017-10-06",,10003,FALSE,4,"1992-05-30",29,55,"25-54"
"CP1412092",130,"2017-10-06",,10003,FALSE,2,"2017-10-06",4,55,"0-11"
"CP1412093",240,"2017-10-06",,11205,FALSE,1,"1989-02-25",33,55,"25-54"
"CP1412095",210,"2017-11-06","2018-12-06",11211,FALSE,2,"1988-01-19",34,13,"25-54"
"CP1412101",100,"2017-10-15","2018-11-30",10032,FALSE,1,"1995-11-15",26,13,"25-54"
"CP1412106",130,"2017-10-25",,10009,FALSE,3,"1991-06-05",30,54,"25-54"
"CP1412107",100,"2017-10-24","2018-11-24",10011,TRUE,4,"1963-10-08",58,13,"55-74"
"CP1412108",180,"2017-10-23",,10011,FALSE,6,"1993-02-18",29,54,"25-54"
"CP1412112",100,"2017-10-26","2019-01-06",10011,FALSE,4,"1965-12-09",56,14,"55-74"
"CP1412114",180,"2017-11-01",,10014,FALSE,1,"1983-10-11",38,54,"25-54"
"CP1412115",100,"2017-10-27","2018-11-27",78702,FALSE,3,"1988-05-29",33,13,"25-54"
"CP1412116",180,"2017-11-01",,10011,FALSE,4,"1989-04-18",33,54,"25-54"
"CP1412118",100,"2017-10-30","2018-11-01",10011,TRUE,4,"1988-05-14",34,12,"25-54"
"CP1412119",210,"2017-10-31",,10016,FALSE,3,"2017-10-31",4,54,"0-11"
"CP1412120",180,"2017-10-31",,10011,FALSE,1,"1984-07-05",37,54,"25-54"
"CP1412122",100,"2017-12-01",,10014,FALSE,1,"1967-05-04",55,53,"55-74"
"CP1412124",100,"2017-12-01","2019-01-01",10011,FALSE,1,"1966-01-26",56,13,"55-74"
"CP1412125",180,"2017-11-06",,11598,FALSE,11,"1992-04-26",30,54,"25-54"
"CP1412131",100,"2017-11-14",,10011,FALSE,2,"1990-09-24",31,54,"25-54"
"CP1412132",100,"2017-11-14","2018-12-01",10011,FALSE,3,"1975-10-09",46,12,"25-54"
"CP1412133",180,"2017-11-13",,7307,FALSE,1,"1988-02-01",34,54,"25-54"
"CP1412134",100,"2017-11-17","2018-12-01",10011,FALSE,2,"1977-04-04",45,12,"25-54"
"CP1412137",155,"2017-12-01",,11217,TRUE,4,"2017-11-19",4,53,"0-11"
"CP1412140",155,"2017-11-20",,7306,FALSE,3,"1983-12-17",38,53,"25-54"
"CP1412144",155,"2018-02-01",,8724,FALSE,12,"1994-05-13",28,51,"25-54"
"CP1412146",100,"2017-11-27","2018-12-01",10009,FALSE,4,"1985-01-01",37,12,"25-54"
"CP1412147",130,"2017-12-02",,10011,FALSE,6,"1997-07-18",24,53,"12-24"
"CP1412148",155,"2017-12-01",,10011,FALSE,1,"2011-01-01",11,53,"0-11"
"CP1412150",155,"2017-12-01",,11238,FALSE,5,"1963-05-03",59,53,"55-74"
"CP1412151",155,"2017-12-01",,10011,FALSE,1,"1958-01-03",64,53,"55-74"
"CP1412154",210,"2017-12-02",,10003,FALSE,1,"1967-01-01",55,53,"55-74"
"CP1412155",210,"2017-12-02",,10011,FALSE,1,"1987-09-13",34,53,"25-54"
"CP1412157",100,"2018-02-01",,10003,FALSE,3,"1979-03-25",43,51,"25-54"
"CP1412162",100,"2017-12-12",,10003,FALSE,7,"1959-04-18",63,53,"55-74"
"CP1412165",210,"2017-12-12",,10011,TRUE,3,"1995-03-23",27,53,"25-54"
"CP1412166",100,"2018-01-01","2019-03-01",10003,FALSE,0,"1981-02-02",41,14,"25-54"
"CP1412168",100,"2018-01-01","2019-02-01",10011,FALSE,0,"1970-10-13",51,13,"25-54"
"CP1412169",100,"2018-01-01","2019-03-01",10011,FALSE,0,"2017-12-18",4,14,"0-11"
"CP1412174",155,"2018-01-01",,10003,TRUE,4,"1955-10-06",66,52,"55-74"
"CP1412177",100,"2018-01-11",,10003,TRUE,1,"1994-05-09",28,52,"25-54"
"CP1412180",100,"2018-01-09",,10011,TRUE,4,"1992-06-02",29,52,"25-54"
"CP1412181",100,"2018-01-13","2019-02-13",10011,FALSE,2,"1986-04-19",36,13,"25-54"
"CP1412182",155,"2018-01-15",,10014,FALSE,2,"1966-04-06",56,52,"55-74"
"CP1412187",100,"2018-01-14","2019-02-14",10011,FALSE,4,"1978-02-01",44,13,"25-54"
"CP1412188",100,"2018-01-22","2019-03-22",11238,FALSE,4,"1982-02-13",40,14,"25-54"
"CP1412189",100,"2018-01-21",,10003,TRUE,1,"1997-05-09",25,51,"25-54"
"CP1412190",180,"2018-01-22","2019-02-01",10003,FALSE,0,"1988-12-10",33,12,"25-54"
"CP1412192",155,"2018-01-24",,10025,FALSE,3,"1980-07-02",41,51,"25-54"
"CP1412193",155,"2018-01-29",,10003,FALSE,2,"1958-12-12",63,51,"55-74"
"CP1412194",210,"2018-02-01",,10011,FALSE,2,"1982-12-02",39,51,"25-54"
"CP1412200",155,"2018-01-26",,10011,FALSE,1,"1961-09-08",60,51,"55-74"
"CP1412201",180,"2018-01-27",,10011,FALSE,4,"2018-01-27",4,51,"0-11"
"CP1412202",180,"2018-01-29","2019-06-01",10010,TRUE,3,"1970-05-13",52,16,"25-54"
"CP1412203",180,"2018-01-28",,10011,TRUE,2,"1991-08-01",30,51,"25-54"
"CP1412205",210,"2018-02-02",,11221,FALSE,1,"1980-02-15",42,51,"25-54"
"CP1412206",130,"2018-02-12",,10003,FALSE,4,"1986-11-18",35,51,"25-54"
"CP1412207",155,"2018-02-06",,10011,FALSE,2,"1992-11-09",29,51,"25-54"
"CP1412208",210,"2018-03-01",,10011,FALSE,4,"1964-01-29",58,50,"55-74"
"CP1412210",130,"2018-02-07","2019-03-01",78336,FALSE,0,"1977-09-16",44,12,"25-54"
"CP1412212",210,"2018-02-09",,11968,FALSE,2,"1989-07-25",32,51,"25-54"
"CP1412213",155,"2018-02-11",,10011,FALSE,2,"1971-05-20",50,51,"25-54"
"CP1412214",210,"2018-02-13",,11211,FALSE,1,"1993-06-30",28,51,"25-54"
"CP1412216",155,"2018-02-20",,11206,FALSE,1,"1992-11-30",29,50,"25-54"
"CP1412218",180,"2018-02-14",,11238,FALSE,4,"1990-03-03",32,51,"25-54"
"CP1412223",155,"2018-02-16",,10011,FALSE,6,"1955-01-08",67,50,"55-74"
"CP1412226",210,"2018-02-19",,11238,FALSE,3,"1979-11-06",42,50,"25-54"
"CP1412228",210,"2018-02-20",,10011,FALSE,3,"1993-05-12",29,50,"25-54"
"CP1412230",130,"2018-03-22","2019-04-22",10014,FALSE,1,"1975-10-10",46,13,"25-54"
"CP1412232",210,"2018-02-24","2019-03-24",10011,TRUE,5,"1989-08-29",32,13,"25-54"
"CP1412233",210,"2018-02-24","2019-03-25",10011,FALSE,6,"1977-09-11",44,13,"25-54"
"CP1412234",100,"2018-02-24","2019-03-25",10032,FALSE,1,"1993-10-20",28,13,"25-54"
"CP1412238",100,"2018-03-01",,10011,FALSE,4,"1990-04-25",32,50,"25-54"
"CP1412239",100,"2018-03-01",,10016,FALSE,1,"1983-11-29",38,50,"25-54"
"CP1412242",210,"2018-04-01",,10003,FALSE,3,"1990-11-06",31,49,"25-54"
"CP1412245",130,"2018-03-05","2019-04-01",10011,FALSE,3,"1992-07-11",29,12,"25-54"
"CP1412246",210,"2018-03-06","2018-10-01",10011,FALSE,4,"1981-11-21",40,6,"25-54"
"CP1412248",130,"2018-03-07","2019-04-07",24541,FALSE,1,"1990-07-29",31,13,"25-54"
"CP1412249",210,"2018-03-07",,10018,FALSE,3,"1981-09-26",40,50,"25-54"
"CP1412251",155,"2018-03-10",,10001,TRUE,3,"1990-07-03",31,50,"25-54"
"CP1412252",180,"2018-03-11",,10011,FALSE,6,"1945-12-04",76,50,"75+"
"CP1412254",210,"2018-03-14",,10011,FALSE,1,"1991-10-20",30,50,"25-54"
"CP1412255",100,"2018-03-15",,10011,FALSE,3,"2018-03-15",4,50,"0-11"
"CP1412257",210,"2018-03-19",,10011,FALSE,3,"1981-02-24",41,49,"25-54"
"CP1412259",180,"2018-03-25",,10011,FALSE,1,"1988-02-01",34,49,"25-54"
"CP1412260",155,"2018-04-02",,10011,FALSE,2,"1983-06-16",38,49,"25-54"
"CP1412263",130,"2018-04-22","2019-06-22",11217,FALSE,2,"1990-06-15",31,14,"25-54"
"CP1412264",130,"2018-04-02",,10011,FALSE,4,"1989-07-08",32,49,"25-54"
"CP1412265",210,"2018-04-01",,10003,FALSE,3,"1989-02-15",33,49,"25-54"
"CP1412266",155,"2018-04-03",,10011,FALSE,1,"1992-11-17",29,49,"25-54"
"CP1412269",155,"2018-04-06",,10003,FALSE,4,"1985-11-30",36,49,"25-54"
"CP1412271",180,"2018-04-07",,10024,TRUE,1,"2018-04-07",4,49,"0-11"
"CP1412273",130,"2018-04-09","2019-08-09",10011,TRUE,5,"1977-08-02",44,16,"25-54"
"CP1412275",130,"2018-04-12","2019-04-12",10011,FALSE,2,"1971-12-11",50,12,"25-54"
"CP1412276",130,"2018-04-11","2018-10-11",10011,FALSE,0,"1987-06-22",34,6,"25-54"
"CP1412279",210,"2018-04-23",,10011,FALSE,5,"1951-04-09",71,48,"55-74"
"CP1412282",100,"2018-04-24","2019-05-01",10002,FALSE,4,"1973-01-12",49,12,"25-54"
"CP1412283",130,"2018-04-25","2019-05-01",10014,TRUE,2,"1966-11-28",55,12,"55-74"
"CP1412286",155,"2018-04-30",,10011,FALSE,1,"1987-10-02",34,48,"25-54"
"CP1412288",130,"2018-05-03","2019-06-01",10011,FALSE,3,"1987-07-28",34,12,"25-54"
"CP1412290",130,"2018-05-06","2019-06-01",10011,FALSE,4,"1990-01-01",32,12,"25-54"
"CP1412291",130,"2018-05-07","2019-06-01",10038,FALSE,3,"1987-05-29",34,12,"25-54"
"CP1412293",130,"2018-05-09","2018-11-10",10011,FALSE,3,"1900-01-01",122,6,"75+"
"CP1412294",210,"2018-05-11",,10011,TRUE,2,"1972-12-21",49,48,"25-54"
"CP1412295",130,"2018-05-14","2019-06-21",10011,FALSE,2,"1987-04-09",35,13,"25-54"
"CP1412297",240,"2018-05-14","2018-09-01",10003,FALSE,0,"1999-07-26",22,3,"12-24"
"CP1412298",130,"2018-05-15","2019-06-01",10011,FALSE,2,"1960-01-01",62,12,"55-74"
"CP1412299",130,"2018-05-19","2019-06-01",10011,FALSE,2,"1995-08-27",26,12,"25-54"
"CP1412300",210,"2018-05-20",,10011,FALSE,5,"1988-01-03",34,47,"25-54"
"CP1412302",130,"2018-05-24","2019-06-01",10025,FALSE,4,"1990-12-16",31,12,"25-54"
"CP1412304",210,"2018-06-01",,10011,FALSE,2,"1997-05-14",25,47,"25-54"
"CP1412305",210,"2018-06-01",,10011,FALSE,4,"1985-05-04",37,47,"25-54"
"CP1412306",180,"2018-05-29",,10011,FALSE,3,"1990-01-01",32,47,"25-54"
"CP1412307",180,"2018-06-01",,10003,FALSE,4,"1994-06-14",27,47,"25-54"
"CP1412308",130,"2018-06-01","2019-07-01",11215,FALSE,5,"1991-11-13",30,13,"25-54"
"CP1412309",130,"2018-05-30","2019-06-01",10011,FALSE,1,"1997-01-15",25,12,"25-54"
"CP1412312",210,"2018-06-01","2018-09-01",10011,FALSE,0,"1984-11-12",37,3,"25-54"
"CP1412313",130,"2018-06-03","2019-08-01",10003,FALSE,2,"1968-06-06",53,13,"25-54"
"CP1412314",130,"2018-06-10","2019-07-01",10011,FALSE,2,"1964-02-21",58,12,"55-74"
"CP1412315",100,"2018-06-11","2019-07-01",10014,FALSE,1,"1983-05-26",38,12,"25-54"
"CP1412316",100,"2018-06-11","2019-07-01",10014,FALSE,2,"1983-09-06",38,12,"25-54"
"CP1412318",130,"2018-06-14","2019-01-01",10011,TRUE,5,"1989-04-25",33,6,"25-54"
"CP1412319",130,"2018-06-19",,10003,FALSE,6,"1982-11-24",39,46,"25-54"
"CP1412320",130,"2018-06-19","2019-07-01",10011,TRUE,1,"1945-09-17",76,12,"75+"
"CP1412321",130,"2018-06-20","2019-07-01",10011,FALSE,1,"1982-09-03",39,12,"25-54"
"CP1412322",100,"2018-06-20","2019-07-01",10011,FALSE,1,"1993-06-17",28,12,"25-54"
"CP1412323",130,"2018-06-21","2019-07-21",10014,TRUE,3,"1983-01-07",39,13,"25-54"
"CP1412324",130,"2018-07-26","2019-08-01",10003,FALSE,1,"1964-05-30",57,12,"55-74"
"CP1412327",130,"2018-07-01","2019-07-01",6854,TRUE,3,"1991-08-08",30,12,"25-54"
"CP1412328",180,"2018-06-29",,10009,FALSE,3,"1987-03-20",35,46,"25-54"
"CP1412329",180,"2018-07-01",,10011,FALSE,1,"2018-06-30",3,46,"0-11"
"CP1412330",180,"2018-07-01",,10011,FALSE,4,"1995-11-16",26,46,"25-54"
"CP1412331",100,"2018-06-30","2019-07-01",10011,FALSE,3,"1968-03-16",54,12,"25-54"
"CP1412332",210,"2018-07-02",,11433,FALSE,2,"1994-10-07",27,46,"25-54"
"CP1412334",130,"2018-08-01","2019-09-01",10011,FALSE,4,"1968-12-07",53,13,"25-54"
"CP1412335",130,"2018-07-10","2019-08-01",10011,FALSE,1,"1981-12-21",40,12,"25-54"
"CP1412336",155,"2018-07-10",,10011,FALSE,3,"1943-09-05",78,46,"75+"
"CP1412337",130,"2018-07-11","2019-08-01",10003,FALSE,3,"1985-08-11",36,12,"25-54"
"CP1412338",100,"2018-07-11","2019-08-01",10011,FALSE,3,"1988-11-12",33,12,"25-54"
"CP1412339",180,"2018-07-11",,10011,FALSE,4,"1966-09-24",55,46,"55-74"
"CP1412342",100,"2018-07-13","2019-09-01",20016,FALSE,1,"1994-02-16",28,13,"25-54"
"CP1412343",100,"2018-07-16",,10011,FALSE,1,"1994-04-27",28,45,"25-54"
"CP1412344",210,"2018-07-16","2019-02-01",10011,FALSE,0,"2018-07-16",3,6,"0-11"
"CP1412348",100,"2018-07-17","2019-08-01",10011,FALSE,2,"2018-07-17",3,12,"0-11"
"CP1412350",100,"2018-07-20","2019-07-20",10011,FALSE,7,"1975-01-10",47,12,"25-54"
"CP1412353",130,"2018-07-19","2019-08-01",10011,FALSE,2,"1970-01-01",52,12,"25-54"
"CP1412354",130,"2018-07-21","2019-07-21",10011,FALSE,3,"1989-06-26",32,12,"25-54"
"CP1412355",210,"2018-07-23",,10011,FALSE,3,"1986-03-28",36,45,"25-54"
"CP1412356",130,"2018-07-22","2019-08-01",10011,FALSE,5,"1993-08-12",28,12,"25-54"
"CP1412358",130,"2018-07-23","2019-08-01",11217,FALSE,4,"1986-01-01",36,12,"25-54"
"CP1412359",100,"2018-07-23","2019-09-23",10011,FALSE,3,"1988-11-04",33,14,"25-54"
"CP1412362",130,"2018-07-24","2019-08-01",11417,FALSE,2,"1955-03-19",67,12,"55-74"
"CP1412363",100,"2018-07-24","2019-09-01",7302,TRUE,4,"1980-05-23",41,13,"25-54"
"CP1412364",210,"2018-07-24",,10509,FALSE,1,"1989-03-24",33,45,"25-54"
"CP1412365",130,"2018-07-26","2019-08-01",7305,FALSE,1,"1993-11-16",28,12,"25-54"
"CP1412366",155,"2018-08-01",,10011,FALSE,1,"1991-05-14",31,45,"25-54"
"CP1412367",180,"2018-08-01",,10583,FALSE,3,"1996-01-26",26,45,"25-54"
"CP1412368",180,"2018-08-01",,10011,FALSE,3,"1981-10-30",40,45,"25-54"
"CP1412374",130,"2018-08-18","2019-10-01",10011,TRUE,1,"1992-10-02",29,13,"25-54"
"CP1412375",265,"2018-08-04","2018-09-10",10011,FALSE,0,"1985-06-17",36,1,"25-54"
"CP1412376",130,"2018-08-06","2019-09-06",10003,FALSE,1,"1956-09-29",65,13,"55-74"
"CP1412377",100,"2018-08-06","2019-09-06",10003,FALSE,3,"1970-03-05",52,13,"25-54"
"CP1412379",210,"2018-08-06","2019-03-01",10011,TRUE,0,"1911-01-01",111,6,"75+"
"CP1412380",210,"2018-08-08","2018-11-08",10011,FALSE,2,"1992-12-30",29,3,"25-54"
"CP1412381",265,"2018-08-10","2018-09-10",10014,FALSE,0,"1974-12-28",47,1,"25-54"
"CP1412382",130,"2018-08-13","2019-09-01",10003,FALSE,2,"1988-12-05",33,12,"25-54"
"CP529",180,"2002-06-29",,90049,FALSE,1,"1971-06-03",50,238,"25-54"
"CP5339",130,"2010-02-01","2019-04-01",10011,TRUE,7,"2015-02-11",7,110,"0-11"
"CP5443",100,"2009-03-09","2019-01-31",7307,FALSE,3,"1900-01-01",122,118,"75+"
"CP5455",155,"2007-11-04",,10003,FALSE,5,,,174,""
"CP5999",155,"2010-06-30","2019-02-02",10011,FALSE,7,"1900-01-01",122,103,"75+"
"CP6566",210,"2010-08-15",,10011,TRUE,7,,,141,""
"CP7713",130,"2010-09-23","2018-09-02",10003,TRUE,4,"1960-05-05",62,95,"55-74"
"CP7788",100,"2010-08-23",,10011,FALSE,4,"1879-12-30",142,140,"75+"
"CP8686",180,"2010-07-22","2019-07-01",10011,FALSE,7,"1990-01-21",32,107,"25-54"
"CPMIKEY",100,"2018-05-17","2019-06-01",10034,FALSE,2,"1987-07-26",34,12,"25-54"
"CPSG916",180,"2017-01-04",,10128,FALSE,2,"1981-09-16",40,64,"25-54"
